

CREATE TABLE `action` (
  `code` char(5) NOT NULL,
  `numeroActivite` int(10) unsigned NOT NULL,
  `intitule` varchar(255) NOT NULL,
  `cout` int(10) unsigned NOT NULL,
  `duree` int(10) unsigned NOT NULL,
  `dateCreation` date NOT NULL,
  PRIMARY KEY  (`code`),
  KEY `numeroActivite` (`numeroActivite`)
) ENGINE=InnoDB DEFAULT CHARSET=utf8;


INSERT INTO `action` (`code`, `numeroActivite`, `intitule`, `cout`, `duree`, `dateCreation`) VALUES ('E0311', 1, 'La maîtrise d''ouvrages Module 1', 1030, 12, '2003-02-15'),
('E0312', 1, 'La maîtrise d''ouvrages Module 2', 3390, 18, '2003-02-15'),
('E0313', 1, 'La maîtrise d''ouvrages Module 3', 3870, 24, '2003-02-15'),
('E0322', 1, 'Formation dessinateur en ouvrage d''art', 8360, 48, '2003-04-08'),
('E0323', 1, 'Formation conception des roulements', 3870, 36, '2003-07-15'),
('E0335', 1, 'Formation soudeur inox niveau 1', 2110, 24, '2003-10-07'),
('E0336', 1, 'Formation soudeur inox niveau 2', 4230, 36, '2003-10-07'),
('E0337', 1, 'Construction de charpentes bois', 5260, 42, '2003-08-20'),
('E0347', 1, 'Formation technicien de chantier roulant', 5110, 30, '2003-12-13'),
('E0356', 1, 'Mécanicien d''engin', 1500, 12, '2003-10-11'),
('E0374', 1, 'Responsable technique de maintenance', 7900, 54, '2003-03-12'),
('E0385', 1, 'Formation peintre applicateur de revêtements spéciaux Niveau 1', 1810, 18, '2003-09-10'),
('E0386', 1, 'Formation peintre applicateur de revêtements spéciaux Niveau 2', 2080, 18, '2003-09-10'),
('E0425', 1, 'Formation conducteur de travaux', 3430, 24, '2004-11-02'),
('E0443', 1, 'Métreur niveau 1', 2990, 36, '2004-08-03'),
('E0444', 1, 'Métreur niveau 2', 3630, 36, '2004-08-03'),
('E0449', 1, 'Agent de maintenance en chauffage', 5220, 42, '2004-06-03'),
('E0452', 1, 'Agent de maintenance matériel roulant', 6430, 42, '2004-10-16'),
('E0453', 1, 'Charpentier métallique', 4900, 42, '2004-11-03'),
('E0454', 1, 'Contrôleur de caténaires grandes lignes', 2800, 18, '2004-11-06'),
('E0459', 1, 'Electricien bâtiment', 5080, 48, '2004-02-17'),
('E0473', 1, 'Formation topographie pour ingénieur d''études', 5370, 30, '2004-01-19'),
('E0477', 1, 'Chef de chantier gros oeuvre', 4120, 30, '2004-10-18'),
('E0479', 1, 'Technicien de maintenance', 6730, 42, '2004-03-02'),
('E0513', 1, 'Contrôleur de caténaires TGV', 2850, 18, '2005-03-11'),
('E0532', 1, 'Formation Directeur de travaux', 1890, 12, '2005-06-17'),
('E0533', 1, 'Formation chef de chantier roulant', 4600, 42, '2005-08-09'),
('E0573', 1, 'Formation grutier sur voies', 3720, 36, '2005-03-03'),
('E0581', 1, 'Formation électricien roulant', 1530, 12, '2005-08-14'),
('G0363', 4, 'Contrôleur budgétaire', 2280, 60, '2003-03-18'),
('G0366', 4, 'Formation comptable module A', 1310, 18, '2003-07-17'),
('G0367', 4, 'Formation comptable module B', 1560, 18, '2003-07-17'),
('G0376', 4, 'Formation à  l''audit administratif', 3550, 36, '2003-04-11'),
('G0417', 4, 'Formation assistant de direction', 3380, 30, '2004-12-17'),
('G0437', 4, 'Secrétaire comptable', 3390, 30, '2004-06-08'),
('G0476', 4, 'Formation assistant commercial auprès de la clientèle', 4300, 48, '2004-10-06'),
('G0548', 4, 'Gestion de sinistres', 2870, 30, '2005-06-13'),
('G0579', 4, 'Contrôleur de gestion', 1750, 12, '2005-04-12'),
('G0580', 4, 'Formation assistant comptable', 7740, 66, '2005-07-07'),
('I0357', 6, 'Formation aux outils bureautiques : Excel module A', 1550, 12, '2003-03-19'),
('I0381', 6, 'Formation aux outils bureautiques : Excel module B', 1760, 12, '2003-10-17'),
('I0456', 6, 'Formation réseaux informatiques niveau 1', 3680, 12, '2004-08-17'),
('I0553', 6, 'Formation administrateur de bases de données', 2720, 30, '2005-07-10'),
('I0562', 6, 'Formation réseaux informatiques niveau 2', 4090, 12, '2005-09-13'),
('M0427', 3, 'Stocks locaux Module A', 1590, 24, '2004-01-16'),
('M0428', 3, 'Stocks locaux Module B', 2760, 24, '2004-01-16'),
('M0429', 3, 'Stocks locaux Module C', 3260, 24, '2004-01-16'),
('M0475', 3, 'Formation paramétrage et gestion du référentiel de production', 5350, 36, '2004-09-05'),
('M0522', 3, 'Formation paramétrage des stocks', 4200, 36, '2005-09-14'),
('M0546', 3, 'Formation gestion de stocks', 1750, 18, '2005-04-15'),
('M0566', 3, 'Gérer le patrimoine Module 1', 1050, 12, '2005-04-14'),
('M0567', 3, 'Gérer le patrimoine Module 2', 2170, 24, '2005-04-14'),
('T0330', 2, 'Formation contrôleur sur lignes module A', 3660, 30, '2003-03-04'),
('T0331', 2, 'Formation contrôleur sur lignes module B', 4360, 30, '2003-03-04'),
('T0431', 2, 'Formation conducteur de marchandises niveau 1', 6140, 60, '2004-10-11'),
('T0432', 2, 'Formation conducteur de marchandises niveau 2', 7350, 60, '2004-10-11'),
('T0433', 2, 'Formation conducteur de marchandises niveau 3', 8200, 84, '2004-10-11'),
('T0447', 2, 'Formation conducteur de ligne module 1', 5240, 84, '2004-06-30'),
('T0448', 2, 'Formation conducteur de ligne module 2', 6370, 66, '2004-06-30'),
('T0449', 2, 'Formation conducteur de ligne module 3', 8430, 66, '2004-06-30'),
('T0450', 2, 'Formation conducteur de ligne module 4', 9970, 60, '2004-06-30'),
('T0476', 2, 'Formation conducteur TGV module 1', 15270, 120, '2004-03-14'),
('T0477', 2, 'Formation conducteur TGV module 2', 15840, 120, '2004-03-14'),
('T0478', 2, 'Formation conducteur TGV module 3', 16300, 120, '2004-03-14'),
('T0479', 2, 'Formation conducteur TGV module 4', 18450, 120, '2004-03-14'),
('T0480', 2, 'Formation conducteur TGV module 5', 20600, 120, '2004-03-14'),
('V0377', 5, 'Rédacteur au contentieux', 1300, 18, '2003-06-12'),
('V0422', 5, 'Chargé commercial auprès des entreprises', 4330, 24, '2004-10-08'),
('V0449', 5, 'Mener un entretien d''embauche pour technicien d''accueil', 5610, 42, '2004-04-02'),
('V0484', 5, 'Chargé d''accueil et services clientèle', 4760, 42, '2004-02-19');


CREATE TABLE `activite` (
  `numero` int(10) unsigned NOT NULL,
  `libelle` varchar(20) NOT NULL,
  PRIMARY KEY  (`numero`)
) ENGINE=InnoDB DEFAULT CHARSET=utf8;;;

INSERT INTO `activite` (`numero`, `libelle`) VALUES (1, 'Exploitation'),
(2, 'Traction'),
(3, 'Matériel'),
(4, 'Gestion'),
(5, 'Voyageurs'),
(6, 'Informatique');


CREATE TABLE `agent` (
  `code` char(8) NOT NULL,
  `idAdminLieu` int(10) unsigned NOT NULL,
  `civilite` char(3) NOT NULL,
  `prenom` varchar(32)NOT NULL,
  `nom` varchar(32) NOT NULL,
  `adresse1` varchar(40) default NULL,
  `adresse2` varchar(32) default NULL,
  `codePostal` char(5) default NULL,
  `ville` varchar(32) default NULL,
  `dateNaissance` date NOT NULL,
  `dateEmbauche` date NOT NULL,
  PRIMARY KEY  (`code`),
  KEY `idAdminLieu` (`idAdminLieu`)
) ENGINE=InnoDB DEFAULT CHARSET=utf8;;;

INSERT INTO `agent` (`code`, `idAdminLieu`, `civilite`, `prenom`, `nom`, `adresse1`, `adresse2`, `codePostal`, `ville`, `dateNaissance`, `dateEmbauche`) VALUES ('5207415J', 11, 'Mme', 'Stéphanie', 'Denoual', '51 RUE PLINE PARMENTIER', '', '33500', 'LIBOURNE', '1952-04-03', '1980-08-01'),
('5227945Z', 9, 'M.', 'Laurent', 'Cabaco', '125 COURS GAMBETTA', 'RESIDENCE GAMBETTA BAT A1', '33400', 'TALENCE', '1952-08-13', '1980-01-01'),
('5258943T', 9, 'M.', 'Benoit', 'Haquet', '13 RUE CHARLES GOUNOD', '', '33290', 'BLANQUEFORT', '1952-11-21', '1976-06-01'),
('5268414M', 9, 'Mme', 'Sandrine', 'Auclerc', 'N° 52 B 41 RUE DE LA PAIX', 'RESIDENCE ANTARES', '33700', 'MERIGNAC', '1952-11-09', '1977-05-01'),
('5271776R', 9, 'Mme', 'Karine', 'Bettcher', '32 RUE LOUIS MIE', '', '33000', 'BORDEAUX', '1952-11-16', '1974-06-01'),
('5289449B', 9, 'Mme', 'Isabelle', 'Lardy', '10 RUE CLAUDE DEBUSSY', '', '33520', 'BRUGES', '1952-07-29', '1985-05-01'),
('5290570V', 31, 'Mme', 'Carine', 'Richard', '52 CHEMIN DU ROC', '', '86100', 'CHATELLERAULT', '1952-02-11', '1976-08-01'),
('5294136W', 16, 'M.', 'Xavier', 'Billa', '8 RUE DU MARECHAL JUIN', '', '64140', 'LONS', '1952-04-29', '1991-05-01'),
('5314211R', 9, 'Mme', 'Céline', 'Chouraqui', '36 RUE GINER DE LOS RIOS', '', '33800', 'BORDEAUX', '1953-08-23', '1982-03-01'),
('5316900P', 5, 'Mme', 'Sandrine', 'Taxile', 'LA CHARTREUSE  RN 21', 'LES FARGUES DU PIC', '24660', 'NOTRE DAME DE SAVILLE', '1953-05-29', '1976-07-01'),
('5320239U', 14, 'M.', 'Thierry', 'Lafon', '15 RUE PABLO PICASSO', '', '47300', 'VILLENEUVE S/LOT', '1953-02-02', '1991-07-01'),
('5339675V', 30, 'Mme', 'Françoise', 'Gouin', '21 RUE DE LA VALLEE MONNAIE', '', '86000', 'POITIERS', '1953-11-30', '1977-08-01'),
('5344123E', 9, 'Mme', 'Annette', 'Pracastin', '27 RUE ST JAMES', '', '33000', 'BORDEAUX', '1953-08-06', '1987-05-01'),
('5345011V', 9, 'Mme', 'Alice', 'Pluchet', '71 RUE VICTOR HUGO', '', '33185', 'LA HAILLAN', '1953-04-01', '1971-05-01'),
('5350113Q', 24, 'Mme', 'Bénedicte', 'Fouin', 'RUE HERPES', '', '17490', 'NEUVICQ LE CHATEAU', '1953-02-03', '1974-03-01'),
('5361186B', 7, 'M.', 'Fréderic', 'Kettelbutter', '2 RUE DE LOS ANGELES', '', '33600', 'PESSAC', '1953-07-29', '1978-06-01'),
('5363278A', 9, 'Mme', 'Marie Caroline', 'Landais', '162 RUE DAVID JOHNSTON', '', '33000', 'BORDEAUX', '1953-04-02', '1977-01-01'),
('5364047L', 31, 'M.', 'Jean Christophe', 'Daniel', '7 IMPASSE DE LA SABOTERIE', '', '86180', 'BRUXEROLLES', '1953-09-23', '1977-09-01'),
('5369349Z', 7, 'Mme', 'Christelle', 'Hulne', '186 BLD DE LA COTE D''ARGENT', '', '33120', 'ARCACHON', '1953-03-17', '1990-07-01'),
('5369403H', 21, 'Mme', 'Christel', 'Montagnini', 'QUARTIER SAUBOUA', '', '40410', 'PISSOS', '1953-01-08', '1975-05-01'),
('5373401D', 6, 'M.', 'Stéphane', 'Doillon', '6 ALLE DU MOULIN DE SONNEY', '', '33360', 'CARIGNAN', '1953-09-11', '1985-12-01'),
('5374242T', 9, 'Mme', 'Fabienne', 'Soler', '25 COURS ARISTIDE BRIAND', '', '33800', 'BORDEAUX', '1953-01-10', '1978-12-01'),
('5376567V', 9, 'Mme', 'Karole', 'Telephe', '67 RUE DU MONTALIEU', '', '33320', 'EYSINES', '1953-04-12', '1984-08-01'),
('5379323Q', 9, 'Mme', 'Sylvie', 'Huret', 'CHEMIN DE COUHINS', '', '33140', 'VILLENAVE D''ORNON', '1953-08-29', '1978-02-01'),
('5380675K', 7, 'M.', 'Jean', 'Campos', '26 ALLEE DU MOULIN DE CAZAU', '', '33170', 'GRADIGNAN', '1953-08-15', '1975-02-01'),
('5385977Y', 10, 'Mme', 'Laure', 'Leveque', 'ALLEE DES AUBIERS', '', '33210', 'TOULENNE', '1953-02-24', '1977-08-01'),
('5388753Q', 11, 'Mme', 'Laure', 'Cougniot', 'LE SILLAT N° 2', '', '33910', 'SAVIGNAC S/L''ISLE', '1953-05-21', '1982-02-01'),
('5418294A', 23, 'M.', 'Hervé', 'Laureti', '35 RUE GAMBETTA', '', '17200', 'ROYAN', '1954-06-21', '1975-09-01'),
('5422967E', 9, 'M.', 'Fréderic', 'Bonnardel', '39 AVENUE DU VALLON', '', '33600', 'PESSAC', '1954-10-22', '1983-12-01'),
('5437191Q', 9, 'Mme', 'Isabelle', 'Gauois', '43-45 RUE DU LYCEE TECHNIQUE', '', '33320', 'EYSINES', '1954-07-16', '1973-11-01'),
('5437565X', 27, 'Mme', 'Florence', 'Lanoir', 'BAT Q4 N°27 RUE JULES RENARD', '', '16800', 'SOYAUX', '1954-10-23', '1983-09-01'),
('5458854M', 21, 'Mme', 'Fatima', 'Baeza', 'CHEMIN DES THUYAS', '', '40230', 'BENESSE MARENNE', '1954-10-07', '1980-02-01'),
('5466810K', 9, 'Mme', 'Céline', 'Dechazal', '69 RUE LACANAU', '', '33200', 'BORDEAUX', '1954-01-16', '1982-05-01'),
('5490558Y', 9, 'M.', 'David', 'Prizzi', '51 RUE AUGUSTE RENOIR', '', '33320', 'EYSINES', '1954-10-22', '1981-11-01'),
('5500339E', 9, 'Mme', 'Benita', 'Breard', '141 ROUTE DE BORDEAUX', '', '33310', 'LORMONT', '1955-06-17', '1990-01-01'),
('5501250V', 9, 'Mme', 'Sophie', 'Bremond', '6 SQUARE TUILERIE', '', '33700', 'MERIGNAC', '1955-03-06', '1980-01-01'),
('5510841V', 1, 'M.', 'Hugues', 'Bee', 'LES COTEAUX', 'ST ANTOINE DE BREUILH', '24230', 'VELINES', '1955-07-20', '1986-04-01'),
('5517282W', 1, 'M.', 'Jean Yves', 'Etienne', 'GAUJAC ', 'ST ROMAIN DE MONPAZIER', '24540', 'MONPAZIER', '1955-02-23', '1983-03-01'),
('5518628J', 9, 'Mme', 'Claire', 'Deney', '26 RUE CASTEJA', '', '33000', 'BORDEAUX', '1955-05-10', '1985-01-01'),
('5521117P', 15, 'Mme', 'Stéphanie', 'Ingolif', '19 RUE DU CAMBEILHOU', '', '64400', 'OLORON STE MARIE', '1955-08-30', '1984-05-01'),
('5526502T', 9, 'Mme', 'Catherine', 'Bachelot', '57 RUE A.MAGINOT', '36 RES ANTINEA', '33200', 'BORDEAUX', '1955-10-11', '1986-01-01'),
('5538883A', 9, 'M.', 'Sylvain', 'Duteuil', '18 CITE MOUNEYRA  APPT 12', '', '33000', 'BORDEAUX', '1955-11-06', '1990-06-01'),
('5542593H', 6, 'M.', 'Jean François', 'Tomona', 'ROUTE DE BERGERAC', 'VINEUILH', '33220', 'STE FOY LA GRANDE', '1955-01-27', '1979-06-01'),
('5547465D', 30, 'Mme', 'Claire', 'Guichane', '33 RUE DU LIEUTENANT COLONEL', 'BRIAND', '86000', 'POITIERS', '1955-12-06', '1980-01-01'),
('5561384H', 9, 'Mme', 'Sandrine', 'Mino', '31 RUE BOILEAU', '', '33600', 'PESSAC', '1955-05-16', '1975-02-01'),
('5582467Z', 11, 'Mme', 'Corinne', 'Lamotte', 'CHATEAU HAUT SEGOTTES', '', '33330', 'ST EMILION', '1955-07-29', '1988-02-01'),
('5584995X', 23, 'M.', 'Manuel', 'Blanc', '116 AVENUE DES SEMIS', '', '17200', 'ROYAN', '1955-05-21', '1982-08-01'),
('5592100V', 9, 'Mme', 'Virginie', 'Patard', '3 RUE MAL DE LATTRE TASSIGNY', '', '33520', 'BRUGES', '1955-10-01', '1980-04-01'),
('5592638E', 11, 'M.', 'Jean François', 'Champin', '3 CHEMIN DE FABRE', '', '33370', 'TRESSES', '1955-12-05', '1979-01-01'),
('5610338U', 11, 'M.', 'Christophe', 'Arnal', 'LA PEITE GUEYTINE', 'GUITRES', '33230', 'COUTRAS', '1956-04-17', '1980-08-01'),
('5612407T', 10, 'M.', 'Bruno', 'Bargues', '1486 LE GENDRE', '', '33125', 'ST MAGNE', '1956-05-20', '1986-05-01'),
('5621511N', 24, 'M.', 'Sébastien', 'Ferrand', '6 RUE DU GENERAL LECLERC', '', '17390', 'LA TREMBLADE', '1956-12-29', '1986-07-01'),
('5622359K', 25, 'Mme', 'Linda', 'Bouchet', '61 RUE MONTMIRAIL', '', '17000', 'LA ROCHELLE', '1956-04-17', '1977-05-01'),
('5628635G', 11, 'M.', 'Stéphan', 'Claisse', '10 RUE MALBEC', '', '33370', 'ARTIGUES', '1956-03-28', '1981-07-01'),
('5639922A', 7, 'Mme', 'Christine', 'Pasquier', 'PARC DE CAPEYRON', '12 RUE DES CEPAGES', '33700', 'MERIGNAC', '1956-02-23', '1979-10-01'),
('5644162J', 11, 'Mme', 'Cécile', 'Dujarrrier', 'RUE DE LA COURREGE', '', '33370', 'ARTIGUES', '1956-11-28', '1977-11-01'),
('5645722E', 9, 'M.', 'Wilhelm', 'Sainterent', 'RUE STE ETIENNE N° 6', '', '33000', 'BORDEAUX', '1956-12-11', '1978-07-01'),
('5646809L', 12, 'Mme', 'Bérangere', 'Routmene', 'ROUTE DES BERGERONNETTES', '', '47450', 'COLAYRAC ST CIRQ', '1956-02-03', '1995-02-01'),
('5646951Q', 7, 'M.', 'Bruno', 'Guichard', '11 AVENUE GUSTAVE EIFFEL', '', '33510', 'ANDERNOS', '1956-09-22', '1984-07-01'),
('5658246T', 9, 'Mme', 'Nellie', 'Imperiale', '5 ALLEE DU CHAMP DE CANSES', 'LE VIGEAU', '33320', 'EYSINES', '1956-03-19', '1976-07-01'),
('5660861K', 9, 'M.', 'Jeff', 'Inaudiere', '10 RUE CLAUDE DEBUSSY', '', '33520', 'BRUGES', '1956-05-18', '1980-08-01'),
('5661462N', 20, 'M.', 'Olivier', 'Poublan', 'MOULIN DE BARBE', 'ST PAUL EN BORN', '40200', 'MIMIZAN', '1956-11-25', '1982-05-01'),
('5669158D', 9, 'M.', 'Stéphane', 'Harribey', '33 RUE JIEL-LAVAL', '', '33200', 'BORDEAUX', '1956-04-20', '1992-07-01'),
('5679527Z', 9, 'M.', 'Igor', 'Elbaz', 'RES LOUSTALOT H3', '', '33170', 'GRADIGNAN', '1956-11-20', '1983-05-01'),
('5685000Y', 9, 'M.', 'Anthony', 'Boullier', 'PLAUTIGNAN ', '', '33340', 'ORDONNAC', '1956-02-15', '1983-05-01'),
('5701341K', 7, 'Mme', 'Emmanuelle', 'Bureau', '54 RUE COMBACET', '', '33140', 'VILLENAVE D''ORNON', '1957-06-18', '1979-07-01'),
('5703629X', 9, 'Mme', 'Céline', 'Goutefangea', '38 RUE JULES VALLES', '', '33400', 'TALENCE', '1957-12-21', '1982-01-01'),
('5709857R', 25, 'Mme', 'Céline', 'Martin', '99 RUE EMILE NORMANDIN', '', '17000', 'LA ROCHELLE', '1957-05-04', '1984-11-01'),
('5713208J', 24, 'Mme', 'Nathalie', 'Benamar', '32 RUE DE LA DESCENDERIE', '', '17140', 'LAGORD', '1957-11-23', '1991-07-01'),
('5720118V', 9, 'M.', 'Johann', 'Faux', '11 RUE DARNAL', '', '33000', 'BORDEAUX', '1957-09-24', '1981-12-01'),
('5720574Q', 9, 'Mme', 'Christine', 'Fromentiere', '12 RUE PORTE DE LA MONNAIE', '', '33800', 'BORDEAUX', '1957-09-23', '1986-02-01'),
('5723379P', 9, 'Mme', 'Paula', 'De Souza', '8 RUE DES CORDELIERS', '', '33000', 'BORDEAUX', '1957-04-23', '1976-04-01'),
('5723481A', 9, 'M.', 'Guillaume', 'Yao', '4 PASSAGE LALIMENT', '', '33000', 'BORDEAUX', '1957-10-06', '1978-04-01'),
('5726468X', 22, 'Mme', 'Céline', 'Gayon', '20 RUE DE LA CHAPELLE', 'LAUZIERES', '17137', 'NIEUL SUR MER', '1957-11-11', '1988-02-01'),
('5728436L', 9, 'M.', 'Stéphane', 'Gimel', '33 RUE GOUAIS LAMOS - LE CLOS', 'ST AUGUSTIN BAT B N°228', '33000', 'BORDEAUX', '1957-05-19', '1988-10-01'),
('5752985V', 18, 'M.', 'Olivier', 'Cany', '20 RUE DES MUSTANGS', '', '64000', 'PAU', '1957-02-15', '1985-09-01'),
('5753641H', 31, 'Mme', 'Hélène', 'Destang', '2 IMPASSE DES CHAILS', 'PRECHARAUX', '86580', 'VOUNEUIL/BIARD', '1957-12-09', '1979-11-01'),
('5755049N', 9, 'Mme', 'Corinne', 'Le Fur', '75 COURS DE LA SOMME', '', '33000', 'BORDEAUX', '1957-04-04', '1979-10-01'),
('5765889W', 9, 'Mme', 'Séverine', 'Grivaz', '24 AVENUE DE LA LIBERATION', '', '33310', 'LORMONT', '1957-05-15', '1996-04-01'),
('5771041W', 7, 'Mme', 'Virginie', 'Adhead', '49 BLD DU GAL LECLERC', '', '33120', 'ARCACHON', '1957-08-19', '1986-12-01'),
('5783214C', 7, 'M.', 'Richard', 'Tora', '22 ALLEE DU PAS DU RENARD', '', '33610', 'CESTAS', '1957-04-19', '1977-06-01'),
('5786167M', 9, 'Mme', 'Violaine', 'Saugnac', '14 RUE DE FLANDRE', '', '33600', 'PESSAC', '1957-05-11', '1985-10-01'),
('5791758P', 9, 'Mme', 'Agnès', 'Grandmougin', '61 RUE DE CARDOZE', '', '33200', 'BORDEAUX', '1957-09-06', '1995-09-01'),
('5806661N', 9, 'M.', 'Jean Claude', 'Chadouteau', '71 RUE MONDENARD', '', '33000', 'BORDEAUX', '1958-01-11', '1980-01-01'),
('5838106T', 10, 'Mme', 'Florence', 'Quiros', '9 ALLEE DES ORMEAUX', '', '33210', 'LANGON', '1958-11-04', '1978-02-01'),
('5841080A', 7, 'M.', 'Jean Paul', 'Foubert', '1129 ALLEE DES BRUYERES', 'FEYDIEU', '33290', 'LE PIAN MEDOC', '1958-04-16', '1987-12-01'),
('5842699K', 7, 'Mme', 'Nathalie', 'Benmoussa', '17 COURS DE LA MARNE', '', '33470', 'GUJAN MESTRAS', '1958-09-16', '1979-12-01'),
('5843816Z', 16, 'Mme', 'Nathalie', 'Peronnet', 'N° 9 RUE D''ALSACE', '', '64200', 'BIARRITZ', '1958-01-13', '1984-02-01'),
('5847077U', 9, 'M.', 'Arnaud', 'Castellotti', '251 AVENUE DE LA MARNE', '', '33700', 'MERIGNAC', '1958-10-30', '1977-06-01'),
('5855699Q', 9, 'Mme', 'Corine', 'Grignon', '100 RUE DE LASEPPE', 'RES ST JAMES APPT 35', '33000', 'BORDEAUX', '1958-07-15', '1979-02-01'),
('5859545W', 10, 'M.', 'Jérome', 'Garcia', '2 CHEMIN DE BERNADON', 'SADIRAC', '33670', 'CREON', '1958-03-05', '1984-05-01'),
('5860242D', 9, 'Mme', 'Adelaide', 'Briand', '12 RUE JEAN XXIII', '', '33700', 'MERIGNAC', '1958-09-14', '1979-08-01'),
('5872251G', 9, 'Mme', 'Stéphanie', 'Mitteau', '3 CHEMIN DE CANTELAUDE', '', '33610', 'CESTAS', '1958-09-21', '1983-08-01'),
('5884934T', 20, 'M.', 'Jorge', 'Gauthier Rapin', '2 ALLEE DES TOURTERELLES', '', '40140', 'SOUSTONS', '1958-11-26', '1979-11-01'),
('5888728R', 10, 'Mme', 'Nadege', 'Mapas', '20 AVENUE DE LA POMPE', '', '33320', 'EYSINES', '1958-05-01', '1977-01-01'),
('5891178E', 9, 'Mme', 'Marie Christine', 'Merlin', '12 AVENUE DES SABLES', '', '33600', 'PESSAC', '1958-10-14', '1982-05-01'),
('5895986F', 7, 'Mme', 'Laurence', 'Brodur', '3 ALLEE PIERRE DAC', '', '33170', 'GRADIGNAN', '1958-12-03', '1984-08-01'),
('5903176W', 9, 'M.', 'Ludovic', 'Fontaine', '45 RUE VITAL CARLES', '', '33000', 'BORDEAUX', '1959-12-07', '1994-04-01'),
('5906259X', 9, 'M.', 'Jean Jacques', 'Lebon', '23 ALLEE VAUBAN', '', '33320', 'EYSINES', '1959-11-19', '1981-06-01'),
('5908399Y', 9, 'M.', 'Jérome', 'Costes', '6 RUE J.B. CHARDIN', '', '33160', 'ST MEDARD EN JALLES', '1959-03-31', '1983-02-01'),
('5916945M', 8, 'M.', 'Rodolphe', 'Thevenet', '12 HAMEAU BOUTINEAU', '', '33620', 'CAVIGNAC', '1959-09-07', '1981-08-01'),
('5927155K', 9, 'Mme', 'Nathalie', 'Kpenou', '21 IMPASSE STE URSULE', 'RESIDENCE ATHENE APPT 281', '33000', 'BORDEAUX', '1959-02-19', '1994-01-01'),
('5937418Q', 9, 'M.', 'Sébastien', 'Vergiat', 'RES ST ESTEPHE', '397 ROUTE DU MEDOC', '33520', 'BRUGES', '1959-04-17', '1985-07-01'),
('5955258G', 32, 'Mme', 'Caroline', 'Metereau', '1 RUE BASSE FONTAINE', '', '86240', 'FONTAINE LE COMTE', '1959-08-09', '1989-08-01'),
('5966381X', 9, 'Mme', 'Isabelle', 'Laloe', '17 RUE MARCEL CERDAN', '', '33700', 'MERIGNAC', '1959-09-26', '1982-10-01'),
('5969300V', 9, 'Mme', 'Armelle', 'Balouka', '35 RUE FRANCIS DE PRESSENSE', '', '33110', 'LE BOUSCAT', '1959-07-26', '1993-09-01'),
('5983559U', 9, 'M.', 'Thierry', 'Akakpo', 'RES PETIT FONGRAVEY', 'AV DU 11 NOVEMBRE', '33290', 'BLANQUEFORT', '1959-05-16', '1981-04-01'),
('5994696Z', 9, 'M.', 'Cédric', 'Marot', '12 RUE DES ECOLES', '', '33520', 'BRUGES', '1959-09-22', '1981-11-01'),
('5997101N', 15, 'Mme', 'Myriam', 'Besanger', 'RUE DES MONTS', '', '64400', 'OLORON STE MARIE', '1959-02-06', '1980-05-01'),
('5998956E', 11, 'M.', 'Marc', 'Le Cour', 'SAINT CHRISTOLY DE BLAYE', '', '33920', 'SAINT SAVIN', '1959-03-24', '1982-02-01'),
('6005141C', 9, 'M.', 'Nicolas', 'Conter', '178 CHEMIN DE SUZON', '', '33400', 'TALENCE', '1960-12-27', '1993-02-01'),
('6016236M', 9, 'Mme', 'Sophie', 'Baif', '8 RUE DU COMTE', '', '33600', 'PESSAC', '1960-05-23', '1981-08-01'),
('6021979E', 16, 'Mme', 'Vigee', 'Mona', 'ERRETEGIA', '', '64210', 'BIDART', '1960-12-30', '1990-06-01'),
('6042179L', 9, 'Mme', 'Clémence', 'Quentin', '6 RUE DE RUAT', '', '33000', 'BORDEAUX', '1960-03-10', '1984-07-01'),
('6045529C', 26, 'M.', 'Christophe', 'Speckens', 'LES EGAUDS NERCILLAC', '', '16200', 'JARNAC', '1960-12-19', '1980-10-01'),
('6051031H', 9, 'Mme', 'Rachel', 'Chrismant', '23 BIS RUE DU DR ROUX', '', '33200', 'BORDEAUX', '1960-02-16', '1984-09-01'),
('6054503G', 9, 'Mme', 'Virginie', 'Gerbault', '117 AVENUE ARISTIDE BRIAND', '', '33110', 'LE BOUSCAT', '1960-05-20', '1983-10-01'),
('6071993T', 9, 'Mme', 'Frédérique', 'Barre', '7 PLACE DE L''EGLISE ST AUGUSTIN', '', '33000', 'BORDEAUX', '1960-04-23', '1985-12-01'),
('6083331R', 9, 'Mme', 'Lydie', 'Pion', '160 RUE DES ORANGERS', '', '33200', 'BORDEAUX', '1960-01-30', '1987-05-01'),
('6086843J', 6, 'Mme', 'Marie Pierre', 'Tabourel', 'LA MOULEYRE ', '', '33540', 'BLASIMON', '1960-04-19', '1988-12-01'),
('6095349E', 31, 'Mme', 'Anne', 'Diouf', '7 RUE DE LA MORLIANE', '', '86700', 'COUHE VERAC', '1960-09-10', '1980-04-01'),
('6115516A', 9, 'Mme', 'Carine', 'Merceron', '26 RUE DE LA JALLE', '', '33000', 'BORDEAUX', '1961-01-03', '1986-10-01'),
('6124247Q', 9, 'Mme', 'Nancy', 'Aupetit', '9 ALLE JEAN DE LA FONTAINE', '', '33320', 'LE TAILLAN', '1961-04-23', '1984-11-01'),
('6128178N', 9, 'M.', 'Laurent', 'Crom', '83/97 AV BON AIR', 'CAMPUS DE BISSY APPT 100 BAT B', '33700', 'MERIGNAC', '1961-08-25', '1990-02-01'),
('6130227Q', 9, 'Mme', 'Sophie', 'Soubre', '28 RUE J. J. ROUSSEAU', 'BAT B APPT 33', '33200', 'BORDEAUX', '1961-11-01', '1990-12-01'),
('6131018A', 9, 'Mme', 'Séverine', 'Lenoble', '61 RUE DU MIRAIL', '', '33000', 'BORDEAUX', '1961-12-09', '1992-03-01'),
('6136002T', 30, 'Mme', 'Catherine', 'Soloy', '6 BIS AVENUE HOCHE  APPT 114', 'CITE SAINT ELOI', '86000', 'POITIERS', '1961-10-17', '1987-08-01'),
('6140875P', 9, 'M.', 'David', 'Fort', '77 RUE KLEBER', '', '33800', 'BORDEAUX', '1961-10-16', '1982-11-01'),
('6147571T', 9, 'M.', 'Serge', 'Thomas', 'RES  LES PORTES DU BOUSCAT ', 'APT 405 - 9 AVENUE VICTOR HUGO', '33110', 'LE BOUSCAT', '1961-08-07', '1989-03-01'),
('6154954T', 31, 'Mme', 'Hélène', 'Pressac', 'LES GRANDES FORETS', '', '86350', 'ST SECONDIN', '1961-05-20', '1992-11-01'),
('6168076F', 11, 'Mme', 'Laetitia', 'Cosculluela', '31 VILLEPREUX VILLAGE', '', '33160', 'ST AUBIN DE MEDOC', '1961-08-10', '1981-10-01'),
('6171946M', 11, 'M.', 'David', 'Pomariega', '19  LE CAILLOU ', 'LES PEINTURES', '33230', 'COUTRAS', '1961-04-26', '1980-07-01'),
('6174331E', 7, 'Mme', 'Sandrine', 'Cassagne', 'RES TOURNEBRIDE APP 22BIS', '', '33600', 'PESSAC', '1961-05-17', '1981-09-01'),
('6183516N', 9, 'Mme', 'Christel', 'Plana', '6 RUE DES PERDRIX', 'L''OREE DU BOIS', '33600', 'PESSAC', '1961-05-31', '1984-03-01'),
('6183888T', 29, 'Mme', 'Catherine', 'Caniou', '80 AVENUE DES AMANDIERS', '', '86180', 'BUXEROLLES', '1961-11-23', '1988-11-01'),
('6187959T', 10, 'M.', 'Stéphane', 'Freppel', '3 RUE GUSTAVE EIFFEL', '', '33320', 'EYSINES', '1961-05-25', '1983-04-01'),
('6190470X', 11, 'Mme', 'Patricia', 'Da Costa', 'CHATEAU GRAND CORBIN', '', '33330', 'ST EMILION', '1961-01-08', '1983-09-01'),
('6191871V', 9, 'M.', 'Olivier', 'Mary', '83/97 AV BON AIR', 'BAT A APPT 36', '33700', 'MERIGNAC', '1961-12-23', '1982-12-01'),
('6202630P', 9, 'Mme', 'Asma', 'Ferriere', '4 RUE CRUCHINET', '', '33800', 'BORDEAUX', '1962-07-26', '1986-04-01'),
('6220281A', 7, 'M.', 'Jérome', 'Alligner', '10 AV DE L''AMASSE', '', '33610', 'CESTAS', '1962-01-16', '1988-04-01'),
('6220726J', 9, 'M.', 'Jean François', 'Daganaud', '27 RUE DE GRASSI', '', '33000', 'BORDEAUX', '1962-03-13', '1986-01-01'),
('6228835Y', 9, 'M.', 'Olivier', 'Faivre', '14 AVENUE GASTON CABANNES', '', '33270', 'FLOIRAC', '1962-11-05', '1981-04-01'),
('6232351V', 30, 'M.', 'Fabrice', 'Berthier', '5 RUE SAINTE LOUBETTE', '', '86000', 'POITIERS', '1962-08-13', '1989-09-01'),
('6238651T', 9, 'Mme', 'Sylvie', 'Campet', '24 RUE RAYMOND BORDIER', '', '33200', 'BORDEAUX', '1962-10-05', '1990-12-01'),
('6240370L', 29, 'M.', 'Olivier', 'Pruneau', 'LA ROCHE', '', '86580', 'VOUNEUIL/BIARD', '1962-10-13', '1985-03-01'),
('6243541H', 9, 'Mme', 'Sandrine', 'Prevot', '105 RUE JUDAIQUE', '', '33000', 'BORDEAUX', '1962-06-19', '1989-03-01'),
('6245903A', 25, 'M.', 'Thierry', 'Battin', '4 RUE PABLO NERUDA', '', '17430', 'TONNAY-CHARENTE', '1962-03-22', '1988-05-01'),
('6254490J', 26, 'M.', 'Jean', 'Ferreira', 'LE BOUT DES PONTS', '', '16200', 'JARNAC', '1962-08-27', '1984-12-01'),
('6254849Z', 9, 'Mme', 'Pascale', 'Travet', '34 CRS DE LA LIBERATION', '', '33000', 'BORDEAUX', '1962-04-29', '2000-11-01'),
('6258382P', 21, 'M.', 'Franck', 'Henaff', '1 LOT TALUCAT', '', '40200', 'ST PAUL EN BORN', '1962-02-09', '1996-02-01'),
('6263957Z', 9, 'M.', 'Eric', 'Vendittozzi', '251 AV DE LA MARNE', '', '33700', 'MERIGNAC', '1962-01-08', '1986-11-01'),
('6266525Q', 9, 'Mme', 'Stéphanie', 'Gay', '56 IMPASSE DE MARLY', '', '33700', 'MERIGNAC', '1962-11-01', '1985-05-01'),
('6278957D', 19, 'M.', 'Cyril', 'Geoffroy', '11 ROUTE D''ESCOURCE', '', '40200', 'MIMIZAN', '1962-07-20', '1989-02-01'),
('6281459Y', 7, 'Mme', 'Laurence', 'Borel', '39 ROUTE DE MIQUEU', 'ST GERMAIN D''ESTEUIL', '33340', 'LESPARRE', '1962-05-26', '1989-08-01'),
('6282947Q', 6, 'M.', 'Stéphane', 'Mefalezi', '57 ROUTE DE LATRESNE', '', '33360', 'CARIGNAN', '1962-04-07', '1983-09-01'),
('6293908E', 7, 'Mme', 'Séverine', 'Danis', '662 ALLEE MONTESQUIEU', '', '33290', 'LE PIAN MEDOC', '1962-09-28', '1986-01-01'),
('6297469A', 9, 'M.', 'Yann', 'Clair', '17 PLACE DES QUINCONCES', '', '33000', 'BORDEAUX', '1962-07-07', '1986-05-01'),
('6306408R', 9, 'Mme', 'Nathalie', 'Ribet', '7 AVENUE CARNOT', '', '33200', 'BORDEAUX', '1963-11-04', '1990-12-01'),
('6306978L', 9, 'Mme', 'Murielle', 'Carabin', '7 RUE DE LA CROIX BLANCHE', '', '33000', 'BORDEAUX', '1963-06-19', '1992-06-01'),
('6308398E', 5, 'M.', 'Jean Marc', 'Mauduit', 'MAISON NEUVE', '', '24750', 'CHAMPCEVINEL', '1963-11-18', '1989-08-01'),
('6308400G', 9, 'Mme', 'Corrine', 'Azura', '81 RUE ROGER COHE', 'RESIDENCE LE NEPTUNE APPT 97', '33600', 'PESSAC', '1963-11-16', '1987-08-01'),
('6338288U', 9, 'Mme', 'Karine', 'Jean', '317 AV MARECHAL DE LATTRE DE', 'TASSIGNY', '33200', 'BORDEAUX', '1963-05-09', '1985-07-01'),
('6340694J', 9, 'Mme', 'Alexa', 'Mericq', '3 LESTEYROT', '2 AVENUE DE THOUARS', '33400', 'TALENCE', '1963-03-19', '1987-12-01'),
('6345507Q', 9, 'Mme', 'Anne Sandra', 'Beteille', '16 RUE MARSAN', '', '33000', 'BORDEAUX', '1963-09-05', '1990-07-01'),
('6346754W', 9, 'M.', 'Jean François', 'Bougault', '39 TER RUE WALTER POUPOT', '', '33000', 'BORDEAUX', '1963-08-29', '1984-08-01'),
('6358181R', 9, 'M.', 'Stéphane', 'Martial', '40 RUE MEXICO', '', '33200', 'BORDEAUX', '1963-07-11', '1991-02-01'),
('6360601X', 9, 'Mme', 'Veronik', 'Monier', '9 RUE LAMOLINERIE', '', '33200', 'BORDEAUX', '1963-05-04', '1983-04-01'),
('6378559R', 30, 'Mme', 'Leila', 'Dubreuil', 'LE BOURG', '', '86460', 'MAUPREVOIR', '1963-12-03', '1990-03-01'),
('6382597F', 9, 'M.', 'Hassan', 'Francais', '98 COURS ALSACE LORRAINE', '5è ETAGE RESIDENCE SIBAL', '33000', 'BORDEAUX', '1963-05-21', '1991-02-01'),
('6386889W', 18, 'M.', 'Stéphane', 'Oudot', '6 RUE DES FRERES CAMON', '', '64000', 'PAU', '1963-12-19', '1986-01-01'),
('6388893Z', 9, 'Mme', 'Emmanuelle', 'Louisy', '39 RUE GEORGES BAZIADOLY', '', '33200', 'BORDEAUX', '1963-06-23', '1993-05-01'),
('6388977Q', 20, 'Mme', 'Stéphanie', 'Saint Marty', '34 AVENUE DU LAC', '', '40200', 'MIMIZAN', '1963-08-20', '1985-08-01'),
('6406165Y', 9, 'Mme', 'Anne', 'Tassone', '193 RUE GEORGES MANDEL', '', '33000', 'BORDEAUX', '1964-11-05', '1987-09-01'),
('6431481Q', 8, 'M.', 'Jean Philippe', 'Abdi', '1 AVENUE LEO LAGRANGE', '', '33110', 'LE BOUSCAT', '1964-02-29', '1988-09-01'),
('6432491N', 30, 'Mme', 'Ana Helena', 'Lahmied', '90 RUE CARNOT', 'RESIDENCE CARNOT BLOSSAC', '86000', 'POITIERS', '1964-08-28', '1988-09-01'),
('6439971U', 9, 'M.', 'Stéphane', 'Flebus', '202 RUE DE PESSAC', 'APPT 25', '33000', 'BORDEAUX', '1964-07-26', '1985-07-01'),
('6459452U', 9, 'Mme', 'Pascale', 'Larrieu', '4 PASSAGE DES MARRONNIERS', '', '33000', 'BORDEAUX', '1964-08-28', '1987-04-01'),
('6460394T', 9, 'Mme', 'Stéphanie', 'Bouvet', '4 RUE CHARLES LEVEQUE', '', '33000', 'BORDEAUX', '1964-05-03', '1993-07-01'),
('6469038N', 25, 'M.', 'Virgil', 'Charry', 'ST LAURENT DE LA PREE', 'LES COTEAUX', '17450', 'FOURAS', '1964-04-23', '1987-10-01'),
('6488615T', 9, 'Mme', 'Frédérique', 'Martinez', 'RES ST JAMES - APT 45', '100 RUE LASEPPE', '33000', 'BORDEAUX', '1964-11-27', '1991-03-01'),
('6497569A', 9, 'Mme', 'Karine', 'Francon', '91 CHEMIN DE SUZON', '', '33400', 'TALENCE', '1964-09-17', '1984-02-01'),
('6505921D', 9, 'Mme', 'Stéphanie', 'Toledano', '26 ALLEE DU MOULIN DE CAZAU', '', '33170', 'GRADIGNAN', '1965-09-18', '1992-04-01'),
('6506338G', 9, 'M.', 'Alexandre', 'Lafitte', '90 RUE ERNEST RENAN', '', '33000', 'BORDEAUX', '1965-03-17', '1984-06-01'),
('6506589E', 27, 'M.', 'Vincent', 'Leverdez', 'CHEZ GORON', '', '16370', 'ST SULPICE DE COGNAC', '1965-07-11', '1991-06-01'),
('6512883W', 19, 'Mme', 'Stéphanie', 'Pochet', 'RUE JOSEPH DE LAURENS', '', '40100', 'DAX', '1965-04-03', '1990-09-01'),
('6518861U', 9, 'M.', 'Laurent', 'Labat', '56 ALLEE DE TOURNY', '', '33000', 'BORDEAUX', '1965-02-11', '1984-10-01'),
('6526131W', 9, 'Mme', 'Véronique', 'Colleville', '26 RUE DE LOS HEROS', '', '33185', 'LE HAILAN', '1965-12-24', '1992-08-01'),
('6530689A', 7, 'Mme', 'Sandra', 'Serra', '46 RUE JEAN MOULIN', '', '33260', 'LA TESTE', '1965-01-18', '1992-11-01'),
('6539439L', 9, 'M.', 'Gilles', 'Fontes', '12 RUE CHARLES MONSELET', '', '33000', 'BORDEAUX', '1965-01-01', '1988-08-01'),
('6540490D', 6, 'Mme', 'Magali', 'Bilounga', '18 CHEMIN DE SEMENSAN', '', '33590', 'JAU-DIGNAC-LOIRAC', '1965-02-12', '1993-08-01'),
('6542320T', 11, 'M.', 'Bruno', 'Bonnin', '21 RUE WALDECK ROUSSEAU', '', '33500', 'LIBOURNE', '1965-01-17', '1984-08-01'),
('6544512A', 10, 'Mme', 'Marie Claire', 'Audouin', '5 RUE LES FAURES', '', '33640', 'CASTRES', '1965-11-21', '1994-09-01'),
('6560748Y', 2, 'Mme', 'Sandrine', 'Gomez', 'LACHENAL, ANNESSE ET BEAULIEU', '', '24430', 'RAZAC', '1965-05-25', '1987-09-01'),
('6561519L', 7, 'Mme', 'Sandrine', 'Larrieu', '34 ALLEE FRANCOIS MAURIAC', '', '33470', 'GUJAN MESTRAS', '1965-03-18', '1992-06-01'),
('6565428K', 9, 'Mme', 'Laure', 'Duchaufour', '25 AVENUE DE L''EUROPE', '', '33290', 'BLANQUEFORT', '1965-01-22', '1990-12-01'),
('6573279U', 8, 'M.', 'Stéphane', 'Queva', '19 RUE URBAIN CHASSELOUP', '', '33390', 'BLAYE', '1965-05-19', '1988-01-01'),
('6586198L', 7, 'Mme', 'Séverine', 'Duffour', '6 ALLEE DES GALIPS', '', '33610', 'CESTAS', '1965-02-20', '1986-02-01'),
('6627296H', 7, 'Mme', 'Sandra', 'Fiers', '46 CHEMIN DES FACTEURS', '', '33260', 'LA TESTE', '1966-02-12', '1992-11-01'),
('6635724U', 9, 'Mme', 'Linda', 'Jambon', '49 RUE DU CHALET', 'RESIDENCE LA TEOULERE', '33000', 'BORDEAUX', '1966-08-09', '1986-05-01'),
('6652760L', 11, 'Mme', 'Marie Odile', 'Baudet', '15 AVENUE DE LA PALOMBIERE', '', '33138', 'LANTON', '1966-04-27', '1989-02-01'),
('6660800A', 7, 'Mme', 'Sandrine', 'Geldy', '17 RUE CAMILLE DESMOULINS', '', '33140', 'VILLENAVE D''ORNON', '1966-07-24', '1990-06-01'),
('6662847A', 9, 'Mme', 'Anne', 'Sable', '16 BIS RUE JEAN JAURES', '', '33560', 'CARBON BLANC', '1966-09-05', '1993-12-01'),
('6669582W', 22, 'Mme', 'Sandrine', 'Lefebvre', '2 RUE DE PABAN', '', '17100', 'LES GONDS', '1966-01-29', '1993-03-01'),
('6674312M', 20, 'M.', 'François', 'Vautour', '3 AVENUE DE VILLENEUVE', '', '40270', 'GRENADE S/ADOUR', '1966-01-16', '1992-03-01'),
('6682067R', 7, 'Mme', 'Jose', 'Fekkane', '42 AV DE L''AMASSE', '', '33610', 'CESTAS', '1966-04-15', '1986-07-01'),
('6682995A', 20, 'M.', 'Arnaud', 'Zlotnik', 'EL RETIRO ', 'AVENUE DE LA MOLIE', '40150', 'HOSSEGOR', '1966-07-18', '1987-09-01'),
('6687655Q', 29, 'Mme', 'Ida', 'Le Du', '21 RUE DES BUIS', '', '86280', 'ST BENOIT', '1966-01-27', '1988-07-01'),
('6688002T', 9, 'M.', 'Regis', 'Lhoste', '9 AV DES TOURELLES DE CHARLIN', '', '33700', 'MERIGNAC', '1966-05-31', '1989-12-01'),
('6688548L', 7, 'Mme', 'Sandrine', 'Bilhere', '6 ALLEE DU MUGUET', '', '33170', 'GRADIGNAN', '1966-12-24', '1996-06-01'),
('6694924R', 9, 'M.', 'Cédric', 'Benoit', '27 RUE DU GAL ANDRE', '', '33400', 'TALENCE', '1966-01-09', '1990-11-01'),
('6699185Y', 18, 'Mme', 'Chantal', 'Teurlay', 'CHALET GASCOGNE', '', '64440', 'EAUX-BONNES', '1966-09-10', '1993-07-01'),
('6700211N', 27, 'Mme', 'Leire', 'Chevalier', 'LE CANTON BULET', 'ST SULPICE DE COGNAC', '16370', 'CHERVES RICHEMONT', '1967-09-01', '1992-07-01'),
('6702307R', 7, 'Mme', 'Claire', 'Labbe', 'RESIDENCE DU PARC BAT A', 'AVENUE CHARLES DE GAULLE', '33170', 'GRADIGNAN', '1967-10-27', '1995-05-01'),
('6712898D', 27, 'M.', 'Samuel', 'Barbeau', 'RUE DU FIEF AUX DAMES', '', '16100', 'COGNAC', '1967-06-15', '1994-05-01'),
('6744846E', 9, 'Mme', 'Delphine', 'Heraud', '15 RUE ROCHAMBEAU', '', '33000', 'BORDEAUX', '1967-06-19', '1998-09-01'),
('6746976V', 9, 'Mme', 'Anne', 'Mongis', '3 RUE PAUL LOUIS LANDE', '', '33000', 'BORDEAUX', '1967-04-11', '1990-06-01'),
('6748778D', 11, 'Mme', 'Karin', 'Lataste', 'JAUGUE BLANC ', '', '33330', 'ST EMILION', '1967-01-10', '1990-10-01'),
('6756018Y', 31, 'Mme', 'Sahondra', 'Portebois', 'LES GRANDES FORETS', '', '86350', 'ST SECONDIN', '1967-07-26', '1990-01-01'),
('6761916J', 9, 'M.', 'David', 'Kouakou', '18 RUE SULLIVAN APPT 7', '', '33000', 'BORDEAUX', '1967-03-26', '1986-11-01'),
('6771168Q', 18, 'M.', 'Olivier', 'Martins', 'FERME FORGUES', 'CHEMIN DE DEVEZE', '64121', 'SERRES CASTET', '1967-07-23', '1992-02-01'),
('6778779N', 7, 'Mme', 'Valérie', 'Dillmann', '19 CHEMIN DE LA LOUVETIERE', '', '33610', 'CESTAS', '1967-03-22', '1995-11-01'),
('6829118E', 11, 'M.', 'Aboubahr', 'Raguin', '36 ROUTE DE TOUTY', '', '33370', 'POMPIGNAC', '1968-09-01', '1988-07-01'),
('6831956P', 9, 'Mme', 'Valérie', 'Lacroix', '39 RUE D''AUSTERLITZ', 'RES MIRO - APT 15', '33200', 'BORDEAUX', '1968-03-16', '1994-10-01'),
('6839503T', 9, 'Mme', 'Christele', 'Velvet', '9 RUE DE L''ISLE', '', '33480', 'CASTELNAU DU MEDOC', '1968-03-27', '1991-11-01'),
('6851923T', 24, 'Mme', 'Annie-Claire', 'Nguyen-Ngoc', '29 RUE MAXIME BOURDEAU', '', '17160', 'MATHA', '1968-02-09', '1991-04-01'),
('6853975Y', 24, 'M.', 'Nicolas', 'Marty', 'DOMAINE DE RESERVAT', '', '17270', 'CLERAC', '1968-11-29', '1989-09-01'),
('6855368M', 14, 'Mme', 'Séverine', 'Murati', 'FAUGUEROLLES', '', '47400', 'TONNEINS', '1968-06-28', '1993-01-01'),
('6858363T', 9, 'Mme', 'Laurence', 'Chailloux', '31-33 RUE PAULINE KERGOMARD', '', '33000', 'BORDEAUX', '1968-12-15', '1995-07-01'),
('6866890L', 10, 'Mme', 'Nadege', 'Magueres', 'LE BOURG', '', '33210', 'ROAILLAN', '1968-06-16', '1990-10-01'),
('6873246V', 18, 'Mme', 'Anne', 'Potonne', '8 RUE DE BIGORRE', '', '64230', 'LESCAR', '1968-03-22', '1990-03-01'),
('6874492Z', 9, 'Mme', 'Virginie', 'Murat', '7 RUE CENDRILLON', 'LE BOIS DE LA PRINCESSE', '33600', 'PESSAC', '1968-04-25', '1991-08-01'),
('6874992T', 9, 'M.', 'Franck', 'Glath', '1 RUE PORTES DE CAUDERAN', '', '33200', 'BORDEAUX', '1968-03-19', '1989-07-01'),
('6877795P', 7, 'Mme', 'Marine', 'Amice', '33 BD DE LADORNE', '', '33600', 'PESSAC', '1968-03-28', '1995-06-01'),
('6882038B', 12, 'Mme', 'Katell', 'Detat', 'PLACE DE L''HOTEL DE VILLE', '', '47800', 'MIRAMONT DE GUYENNE', '1968-05-02', '1990-10-01'),
('6889873T', 9, 'Mme', 'Sandrine', 'Devaud', '33 RUE NOTRE DAME', '', '33000', 'BORDEAUX', '1968-06-30', '1989-03-01'),
('6894003G', 23, 'M.', 'Fabien', 'Bourgery', '5 ALLEE DE LA FOUINE', '', '17200', 'ROYAN', '1968-05-10', '1990-03-01'),
('6899621N', 23, 'M.', 'Laurent', 'Karali', '5 RUE DES PASSEREAUX', '', '17290', 'AIGREFEUILLE D AUNIS', '1968-06-27', '1993-07-01'),
('6916001T', 9, 'Mme', 'Maite', 'Bourgeois', '4 RUE DES PALUS', '', '33290', 'PAREMPUYRE', '1969-01-21', '1994-03-01'),
('6917334R', 11, 'Mme', 'Nathalie', 'Icarre', '40 VILLEPREUX VILLAGE', '', '33160', 'ST AUBIN DE MEDOC', '1969-09-26', '1993-05-01'),
('6951701X', 9, 'Mme', 'Carine', 'Oliveira', '7 RUE D''ENGHIEN', '', '33000', 'BORDEAUX', '1969-08-14', '1998-06-01'),
('6952227U', 9, 'Mme', 'Sandrine', 'Herida', '40 RUE ALFRED DE VIGNY', '', '33700', 'MERIGNAC', '1969-02-07', '1990-03-01'),
('6963884P', 6, 'Mme', 'Béatrice', 'Leroy', 'LIEU DIT  PEYMAUD ', '', '33750', 'NERIGEAN', '1969-07-24', '1997-11-01'),
('6974703Z', 22, 'Mme', 'Valérie', 'Fraval', '19 RUE ARC DE TRIOMPHE', '', '17100', 'SAINTES', '1969-01-05', '1989-06-01'),
('6975713X', 16, 'Mme', 'Karine', 'Dumarcher', 'MALO-BAITA', '', '64122', 'URRUGNE', '1969-06-11', '1997-01-01'),
('6988115C', 23, 'Mme', 'Agnès', 'Fortin', '20 ROUTE DE BAUCHAIL', '', '17100', 'BUSSAC S/CHARENTE', '1969-04-27', '1991-09-01'),
('6988388Z', 9, 'Mme', 'Karine', 'Maurice', '34 RUE A.BERT', '', '33520', 'BRUGES', '1969-02-10', '1989-11-01'),
('6993559V', 4, 'Mme', 'Marie Elodie', 'Peyraud', 'LE COUSTAL LA CANEDA', '', '24200', 'SARLAT', '1969-08-28', '1993-03-01'),
('7053995L', 9, 'Mme', 'Sophie', 'Puydebois', '71 RUE HUGUERIE', '', '33000', 'BORDEAUX', '1970-12-20', '1997-01-01'),
('7065604E', 15, 'Mme', 'Nadine', 'Serre', '11 AVENUE DU GOLF', '', '64500', 'CIBOURE', '1970-06-18', '1999-07-01'),
('7066334Y', 14, 'Mme', 'Sophie', 'Magontier', 'AU CHEY ', '', '47190', 'AIGUILLON', '1970-09-14', '1991-04-01'),
('7067529X', 9, 'Mme', 'Isabelle', 'Regeffe', '7 RUE CENDRILLON', 'LE BOIS DE LA PRINCESSE', '33600', 'PESSAC', '1970-05-01', '1995-04-01'),
('7070771W', 30, 'Mme', 'Alexa', 'Maufrond', '17 BIS RUE DU MAINE', '', '86000', 'POITIERS', '1970-03-26', '1996-03-01'),
('7097788M', 18, 'M.', 'Benoit', 'Bazin', '21 RUE DE COUFRAS', '', '64000', 'PAU', '1970-07-04', '1997-01-01'),
('7105454V', 15, 'M.', 'Cyril', 'Orfanidis', 'RUE GEORGES BERGES', 'BALICHON', '64100', 'BAYONNE', '1971-01-01', '1993-09-01'),
('7108760N', 15, 'Mme', 'Béatrice', 'Moyon', 'ERRETEGIA', '', '64210', 'BIDART', '1971-09-04', '1999-01-01'),
('7110865B', 9, 'Mme', 'Anne', 'Perovitch', '3 RUE DU PARC', '', '33200', 'BORDEAUX', '1971-10-11', '1998-04-01'),
('7113296U', 9, 'Mme', 'Marie Pierre', 'Mouledous', '3 RUE DU PARC', '', '33200', 'BORDEAUX', '1971-11-17', '1996-06-01'),
('7114912A', 9, 'Mme', 'Valérie', 'Soufflard', '5 RUE ROBERT LAURENT', '', '33700', 'MERIGNAC', '1971-05-02', '1992-11-01'),
('7118839U', 16, 'Mme', 'Sophie', 'Sartron', 'RUE DE LARRE-VILLA HARITZAGA', 'QUARTIER LA NEGRESSE', '64200', 'BIARRITZ', '1971-04-06', '1999-08-01'),
('7126217N', 9, 'M.', 'Roger', 'Guenou', '10 RUE ERNEST RENAN', '', '33000', 'BORDEAUX', '1971-03-12', '1993-08-01'),
('7133679Z', 13, 'Mme', 'Cheistel', 'Boucharel', 'ESCOUBET', '', '47160', 'DAMAZAN', '1971-03-28', '1996-10-01'),
('7138408P', 9, 'Mme', 'Sophie', 'Joffre', '7 PLACE VAN GOGH - RES PARC DU', 'CHATEAU DES TILLEULS - E', '33700', 'MERIGNAC', '1971-12-05', '1996-12-01'),
('7139149V', 27, 'Mme', 'Emmanuelle', 'Nascimento', 'ROUTE DE CHAZELLES', '', '16110', 'PRANZAC', '1971-06-30', '1993-05-01'),
('7140024W', 9, 'Mme', 'Sabine', 'Dageville', '18 RUE PENAULT D''ARMANCOUR', '', '33520', 'BRUGES', '1971-04-03', '1990-05-01'),
('7141033T', 9, 'M.', 'Guillaume', 'Barthalay', '64 RUE ROSA BONHEUR', '', '33000', 'BORDEAUX', '1971-02-05', '1991-02-01'),
('7160300K', 19, 'M.', 'Philippe', 'Feyt', 'ARTIGUES', '', '40250', 'SOUGROSSE', '1971-10-08', '1994-03-01'),
('7183178C', 9, 'Mme', 'Karine', 'Jean', '21 RUE ALBERT THOMAS', '', '33130', 'BEGLES', '1971-01-30', '1989-01-01'),
('7190103E', 9, 'Mme', 'Caroline', 'Dubois', 'RESIDENCE LE SULLY', 'BAT D APPT 33', '33310', 'LORMONT', '1971-10-28', '1994-02-01'),
('7190584C', 9, 'Mme', 'Vanessa', 'Amar', '15 RUE DE LANDIRAS', '', '33000', 'BORDEAUX', '1971-04-16', '1995-05-01'),
('7191898F', 9, 'M.', 'Fabien', 'Jaroussie', '9 RUE DES COLIBRIS', '', '33600', 'PESSAC', '1971-03-02', '1992-04-01'),
('7193988C', 3, 'M.', 'Guillaume', 'Rapon', 'LE PRIEURE ', 'ST CAPRAISE D''EYMET', '24500', 'EYMET', '1971-05-04', '1992-11-01'),
('7197590T', 27, 'Mme', 'Catherine', 'Verdant', '60 BLD DENFERT ROCHEREAU', '', '16100', 'COGNAC', '1971-12-22', '1991-11-01'),
('7201786D', 26, 'M.', 'Vincent', 'Sissac', '265 TER AVENUE DU GENERAL DE GAULLE', '', '16800', 'SOYAUX', '1972-07-06', '1997-08-01'),
('7213583B', 21, 'Mme', 'Laurence', 'Dupuy', 'HOTEL DES VOYAGEURS', 'RUE ST PIERRE', '40330', 'AMOU', '1972-02-14', '2000-11-01'),
('7238168Z', 9, 'Mme', 'Elisabeth', 'Lallemant', 'PASSAGE PICHELEBRE', '', '33160', 'ST MEDARD EN JALLES', '1972-08-26', '2000-11-01'),
('7240317K', 15, 'Mme', 'Emmanuelle', 'Streb', 'CHEMIN MARIENEKO BIDEA', '', '64210', 'BIDART', '1972-03-11', '1996-02-01'),
('7263658F', 25, 'Mme', 'Laurence', 'Boulay', '26 RUE DE L OISE', '', '17000', 'LA ROCHELLE', '1972-01-11', '1996-11-01'),
('7269589C', 9, 'M.', 'Renaud', 'Le', '9 RUE RABELAIS', '', '33140', 'VILLENAVE D''ORNON', '1972-06-21', '1993-06-01'),
('7281548B', 9, 'M.', 'Sylvain', 'Gallego', '27 RUE ANDRE GILLES', '', '33600', 'PESSAC', '1972-06-13', '1998-04-01'),
('7281770T', 9, 'Mme', 'Sandrine', 'Lefevre', '199 BLD ALBERT 1ER', '', '33130', 'BEGLES', '1972-11-06', '1994-08-01'),
('7284727G', 9, 'Mme', 'Sibylle', 'Minne', '272 RUE STE CATHERINE', '', '33000', 'BORDEAUX', '1972-03-16', '1991-02-01'),
('7286975A', 21, 'Mme', 'Sandrine', 'Castillon', 'MAISON LUCAZEDIEU', '', '40330', 'AMOU', '1972-08-17', '1999-08-01'),
('7292674V', 9, 'M.', 'Jean Claude', 'Simic', 'RES GIACOMETTI APPT 330 BAT C', 'RUE BIR HAKEIM', '33700', 'MERIGNAC', '1972-01-06', '1995-12-01'),
('7294922N', 30, 'Mme', 'Sylvia', 'Maney', '4 RESIDENCE DES TILLEULS', '', '86000', 'POITIERS', '1972-10-14', '1995-03-01'),
('7297879C', 18, 'Mme', 'Sophie', 'Dupouy', '10 CHEMIN DE PRATS', 'ESTOS', '64400', 'OLORON STE MARIE', '1972-12-17', '1999-07-01'),
('7311462R', 3, 'Mme', 'Sophie', 'Bellanger', 'LES MOLLES ', '', '24220', 'SAINT CYPRIEN', '1973-04-12', '1997-09-01'),
('7323427X', 30, 'Mme', 'Karine', 'Prevost', '10 RUE DE LA FEE MELUSINE', '', '86470', 'MONTREUIL BONNIN', '1973-10-13', '1998-03-01'),
('7327694K', 7, 'M.', 'Alexandre', 'Pailler', '4 LA PROVENCE', '', '33490', 'SAINT MAIXANT', '1973-04-10', '1995-08-01'),
('7339861K', 19, 'M.', 'Sylvain', 'Broussier', 'L''OREE DU BOIS', '', '40180', 'SAUGNAC & CAMBRON', '1973-04-01', '1997-12-01'),
('7346037Y', 3, 'M.', 'Stéphane', 'Nissack', '70 BLD JOHN KENNEDY', '', '24750', 'TRELISSAC', '1973-02-28', '1995-09-01'),
('7351040L', 7, 'M.', 'Laurent', 'Van Campenhout', '19 RUE DE LA RENAISSANCE', '', '33320', 'EYSINES', '1973-10-21', '1998-03-01'),
('7356133X', 18, 'Mme', 'Astrid', 'Prevot', '12 RUE DU BRUSCOS', '', '64121', 'SERRES CASTET', '1973-06-19', '1995-04-01'),
('7356505B', 9, 'M.', 'Florent', 'Peronnau', '18 AVENUE YVES MONTAND', '', '33310', 'LORMONT', '1973-12-17', '1996-05-01'),
('7374569L', 23, 'Mme', 'Stéphanie', 'Deynu', 'LA ROCHE', '', '17240', 'LORIGNAC', '1973-11-13', '1998-04-01'),
('7376050W', 9, 'M.', 'Fréderic', 'Plaideau', '52 AVENUE DU VALLON', '', '33600', 'PESSAC', '1973-11-10', '1999-02-01'),
('7385936R', 9, 'Mme', 'Valérie', 'Bertault', '22 RUE BOURBAKI', '', '33400', 'TALENCE', '1973-02-15', '1996-03-01'),
('7395875V', 9, 'Mme', 'Carine', 'Cappellaro', '20 BIS RUE LOUIS COULLET', '', '33700', 'MERIGNAC', '1973-03-10', '2000-01-01'),
('7405439Q', 17, 'Mme', 'Nathalie', 'Buisson', '8 LOTISSEMENT  LES HAUTS DU GAVE', '', '64800', 'MIREPEIX', '1974-03-03', '1997-07-01'),
('7413719Q', 30, 'Mme', 'Caroline', 'Brukhnoff', 'RUE DE EBG DU PONT NEUF', 'RES COLIGNY - APPT 20', '86000', 'POITIERS', '1974-02-23', '1996-01-01'),
('7422453J', 9, 'Mme', 'Géraldine', 'Loisel', '35 BIS RUE JEAN JAURES', '', '33560', 'CARBON BLANC', '1974-05-26', '1994-10-01'),
('7426359E', 15, 'M.', 'Christophe', 'Hang', '52 AVENUE DE MONTBRUN', '', '64600', 'ANGLET', '1974-05-17', '1997-02-01'),
('7426830R', 9, 'Mme', 'Sandrine', 'Poulet', '110 AVENUE PASTEUR', '', '33600', 'PESSAC', '1974-05-18', '1994-05-01'),
('7430099V', 10, 'M.', 'Stéphane', 'Maxiola', 'CHATEAU LARQUEY', '', '33490', 'CAUDROT', '1974-01-29', '1996-08-01'),
('7439683M', 19, 'M.', 'Grégoire', 'Joudoux', 'QU DE LA CHINE', '', '40280', 'BENQUET', '1974-06-09', '2001-04-01'),
('7440792T', 10, 'Mme', 'Stéphanie', 'Faye', 'FOUET', 'SADIRAC', '33670', 'CREON', '1974-01-26', '1997-02-01'),
('7447588E', 9, 'M.', 'Laurent', 'Brocas', '31 AVENUE DE LA BELLE ETOILE', '', '33270', 'BOULIAC', '1974-07-20', '1995-03-01'),
('7452659R', 9, 'Mme', 'Stéphanie', 'Dufourcq', '37 RUE JEAN DUPERRIER', '', '33160', 'ST MEDARD EN JALLES', '1974-04-04', '1999-12-01'),
('7456791H', 9, 'Mme', 'Nathalie', 'Delhomme', '42 RUE FERBEYRE', '', '33200', 'BORDEAUX', '1974-12-16', '1997-02-01'),
('7459234N', 9, 'M.', 'Fabien', 'Venere', '817 RUE MONTAIGNE', 'LE PIAN MEDOC', '33290', 'BLANQUEFORT', '1974-12-02', '1995-10-01'),
('7461935Z', 17, 'Mme', 'Christine', 'Plaideau', 'ROUTE DE MORLAAS', '', '64160', 'BUROS', '1974-11-20', '1995-07-01'),
('7466117V', 7, 'Mme', 'Séverine', 'Bunel', '187 AVENUE DE L''HIPPODROME', '', '33320', 'EYSINES', '1974-11-30', '1995-03-01'),
('7466416V', 9, 'M.', 'Guillaume', 'Dagnas', 'RES LE PONANT-BAT B - APT 229', 'LES TERRASSES DU 8 MAI 45', '33100', 'BORDEAUX', '1974-11-24', '1997-09-01'),
('7471808F', 18, 'M.', 'Jean Pierre', 'Lureau', 'QUARTIER DU LUY', 'SAUVAGNON', '64230', 'LESCAR', '1974-07-21', '1997-03-01'),
('7475472N', 21, 'Mme', 'Céline', 'Cabrol', 'LAYAT  CAMPAGNE', '', '40090', 'MONT DE MARSAN', '1974-10-02', '1996-11-01'),
('7478532P', 3, 'M.', 'Olivier', 'Duchemin', '31 RUE SEVENE', '', '24000', 'PERIGUEUX', '1974-08-26', '1994-04-01'),
('7485403H', 25, 'M.', 'Christophe', 'Bellicard', '70 RUE DES GONTHIERES', '', '17000', 'LA ROCHELLE', '1974-02-01', '1995-12-01'),
('7496457Y', 17, 'Mme', 'Marie Sandrine', 'Marchal', 'RESTAURANT LES 3 FONTAINES', '', '64310', 'ASCAIN', '1974-11-29', '2000-12-01'),
('7500803X', 6, 'M.', 'Eric', 'Oheix', '3 CHEMIN DU CARAT', '', '33360', 'CAMBLANES', '1975-11-08', '1999-12-01'),
('7502300Z', 9, 'Mme', 'Céline', 'Commissaire', 'RESIDENCE VALENTIN', '80 COURS GAMBETTA', '33400', 'TALENCE', '1975-06-01', '1994-04-01'),
('7511480C', 9, 'Mme', 'Maitena', 'Heraud', '52 RUE JEAN DE LA FONTAINE', '', '33600', 'PESSAC', '1975-05-07', '1995-02-01'),
('7515501Y', 9, 'M.', 'Bernard', 'Le Cam', '16 RUE POUDESSAN', '', '33000', 'BORDEAUX', '1975-11-05', '1996-12-01'),
('7516105E', 8, 'Mme', 'Valérie', 'Francois', 'LIEU DIT CHAUVET', '', '33440', 'AMBARES', '1975-08-20', '2001-06-01'),
('7523282F', 20, 'M.', 'Christophe', 'Andre', 'LA GASTISE ', '', '40500', 'MONTGAILLARD', '1975-02-02', '1996-04-01'),
('7526716N', 9, 'M.', 'Serge', 'Reis Pinto', '14 RUE GEORGE SAND', '', '33290', 'BLANQUEFORT', '1975-03-04', '2002-04-01'),
('7532892B', 9, 'M.', 'Franck', 'Grandis', '31 RUE BREMONTIER', '', '33800', 'BORDEAUX', '1975-12-08', '2003-08-01'),
('7535106H', 8, 'M.', 'Raphael', 'Mazens', '38 RUE PASTEUR', '', '33110', 'LE BOUSCAT', '1975-06-08', '1998-02-01'),
('7540751U', 8, 'M.', 'Jérome', 'Tesseron', '2 AVENUE DE LA GARONNE -', 'ST LOUIS DE MONTFERRAUD', '33440', 'AMBARES', '1975-08-16', '1996-04-01'),
('7551507K', 9, 'Mme', 'Christine', 'Bouget', '20 RUE ROGER MIRASSOU', '', '33800', 'BORDEAUX', '1975-08-07', '1998-11-01'),
('7554281A', 17, 'Mme', 'Corinne', 'Villemer', 'MAISON  HEGUIA ', 'MENDIONDE', '64240', 'HASPARREN', '1975-06-02', '1998-03-01'),
('7554563G', 9, 'M.', 'Stéphane', 'Foubert', 'RES.VOLTAIRE -BAT 2 -ENTREE E', '230 CHEMIN DE SUZON', '33400', 'TALENCE', '1975-12-19', '1998-12-01'),
('7576632V', 7, 'Mme', 'Nathalie', 'Brougat', '26 ALLE DU ROUQUET', '', '33610', 'CESTAS', '1975-06-06', '1995-10-01'),
('7586408W', 9, 'M.', 'Pascal', 'Dufour', '13 RUE JEAN JAURES', '', '33560', 'CARBON BLANC', '1975-02-27', '1998-07-01'),
('7590878E', 15, 'Mme', 'Christel', 'Couvin', '10 AV DE BEYRIS', '', '64100', 'BAYONNE', '1975-06-05', '1998-02-01'),
('7599760J', 9, 'Mme', 'Béatrice', 'Delvaux', '32 ALLEE DU COMPTE', '', '33460', 'ARSAC', '1975-06-20', '1996-04-01'),
('7621538F', 9, 'M.', 'Denis', 'Pinaud', '100 RUE DU MONTALIEU', '', '33320', 'EYSINES', '1976-02-21', '2000-04-01'),
('7635237W', 9, 'Mme', 'Marie', 'Kamoizan', '5 RUE DE LA ROUSSELLE', '', '33000', 'BORDEAUX', '1976-07-30', '1996-02-01'),
('7638866Q', 14, 'Mme', 'Marie', 'Roux', '2 RUE PAUL CLAUDEL', '', '47300', 'VILLENEUVE S/LOT', '1976-03-26', '1997-10-01'),
('7642838H', 6, 'M.', 'Gery', 'Algudo', '65 RUE HENRI DE FRANCE', '', '33880', 'CAMBES', '1976-04-10', '1998-01-01'),
('7644063P', 7, 'Mme', 'Karine', 'Beaufort', 'LOTISSEMENT DU PAGE', '8 ALLEE DE LA PINEDE', '33510', 'ANDERNOS', '1976-10-17', '1996-09-01'),
('7653904L', 9, 'M.', 'David', 'Oriol', '34 RUE BILLAUDEL', '', '33800', 'BORDEAUX', '1976-01-16', '2004-05-01'),
('7657837L', 9, 'M.', 'Nicolas', 'Jacqueline', '12 RUE TOUR DE GASSIES', '', '33000', 'BORDEAUX', '1976-03-16', '1999-02-01'),
('7676645E', 9, 'Mme', 'Delphine', 'Coeffe', '7 PLACE DU CHAMP DE MARS', '', '33000', 'BORDEAUX', '1976-05-24', '2001-07-01'),
('7677974Z', 13, 'Mme', 'Valérie', 'Parnaudeau', '9 COURS ROMAS', '', '47600', 'NETZAC', '1976-03-05', '1995-10-01'),
('7693355T', 9, 'Mme', 'Sandrine', 'Petit', 'RES DU HAUT BRION A 102', '19 RUE DU HAUT BRION', '33000', 'BORDEAUX', '1976-05-10', '1999-01-01'),
('7696789A', 4, 'Mme', 'Nathalie', 'Mormin', '9 ALLEE DES ORMEAUX', '', '24750', 'CHAMPCEVINEL', '1976-09-19', '1999-03-01'),
('7698457N', 9, 'Mme', 'Nadia', 'Louineau', '6 RUE DE LA BOETIE', '', '33000', 'BORDEAUX', '1976-01-07', '1995-04-01'),
('7700469A', 13, 'Mme', 'Helena', 'Dunand', '84 AVENUE GAMBETTA', '', '47500', 'FUMEL', '1977-09-12', '2002-07-01'),
('7702013D', 9, 'M.', 'Fréderic', 'Chaissac', '12 RUE PASCAL MOTHES', '', '33800', 'BORDEAUX', '1977-09-25', '1998-08-01'),
('7705335P', 9, 'M.', 'Lionel', 'Blouin', '58 RUE LEYTEIRE', '', '33000', 'BORDEAUX', '1977-03-27', '1997-02-01'),
('7705385U', 20, 'Mme', 'Ariane', 'Pellegrini', '8 AVENUE LAMARQUE CANDO', '', '40200', 'MIMIZAN', '1977-03-15', '1999-11-01'),
('7707777U', 6, 'M.', 'Michael', 'Chaperon', 'LIEU DIT PERINOT', '', '33750', 'ST QUENTIN DE BARON', '1977-12-29', '2001-07-01'),
('7714468R', 32, 'M.', 'Didier', 'Wantiez', '1 CITE DE LA GRANGE', '', '86200', 'LOUDUN', '1977-02-12', '2001-06-01'),
('7715615N', 9, 'Mme', 'Anne', 'Bazin', '49 RUE CADROIN', '', '33000', 'BORDEAUX', '1977-03-29', '1998-12-01'),
('7721073W', 9, 'Mme', 'Patricia', 'Attal', '59 RUE SEGUINEAU', 'CASERNE BATTESTI TOUR N° 2', '33700', 'MERIGNAC', '1977-06-06', '2001-03-01'),
('7734381L', 23, 'M.', 'Lionel', 'Herr', 'RUE DE LONGEVES', 'LE BREUIL ST OVEN D''AUNIS', '17230', 'MARANS', '1977-11-14', '2003-06-01'),
('7744618N', 9, 'M.', 'David', 'Julien', '69 RUE LAHARPE', '', '33110', 'LE BOUSCAT', '1977-09-30', '2002-09-01'),
('7750324Q', 9, 'M.', 'Thierry', 'Rocher', '15 RUE LATESTA', 'RES. LES AMBASSADEURS ', '33200', 'BORDEAUX', '1977-10-18', '1998-12-01'),
('7750860Y', 6, 'Mme', 'Delphine', 'Brand', 'ROUTE DE BORDEAUX', '', '33430', 'BAZAS', '1977-08-17', '1999-01-01'),
('7754232N', 3, 'M.', 'Bertrand', 'Moreno', 'MONTANCEIX', 'ROUTE DE MONTREM', '24110', 'SAINT ASTIER', '1977-07-05', '1999-05-01'),
('7764660Y', 2, 'Mme', 'Virginie', 'Fournial', 'LE BOURG', '', '24640', 'CUBJAC', '1977-01-10', '1996-02-01'),
('7766972L', 12, 'M.', 'Jean Philippe', 'Pinna', 'DOMAINE DE LASSOLE', '', '47450', 'COLAYRAC ST CIRQ', '1977-10-25', '1998-04-01'),
('7767226M', 9, 'Mme', 'Isabelle', 'Marchand', '41 AVENUE JJ ROUSSEAU', '', '33160', 'ST MEDARD EN JALLES', '1977-01-16', '1999-08-01'),
('7774105P', 11, 'M.', 'Vincent', 'Leglise', '28 PARC DE CADOUIN POMPIGNAC', '', '33370', 'TRESSES', '1977-09-15', '2002-07-01'),
('7784916Q', 8, 'M.', 'Benoit', 'Champion', '33 RUE ROBILLARD', '', '33240', 'ST ANDRE DE CUBZAC', '1977-09-18', '1997-05-01'),
('7790697Z', 9, 'Mme', 'Christine', 'Malagane', '2 RUE DES CHARMES', '', '33170', 'GRADIGNAN', '1977-09-04', '1998-04-01'),
('7793176U', 6, 'Mme', 'Katia', 'Otero', 'PLACE DES CAPUCINS', '', '33410', 'CADILLAC S/GARONNE', '1977-11-23', '1999-01-01'),
('7796407F', 9, 'M.', 'Alessandro', 'Dupin Gilet', '15 RUE DU MAQUIS DES VIGNES', '', '33250', 'PAUILLAC', '1977-08-01', '1999-11-01'),
('7803406N', 16, 'Mme', 'Stéphanie', 'Pasti', '13 PASSADE DE L''AYGUELADE', '', '64140', 'LONS', '1978-07-12', '2001-09-01'),
('7820082P', 22, 'M.', 'Eric', 'Caban', 'RUE DES GRASILIERS', '', '17540', 'ST SAUVEUR D''AUNIS', '1978-05-27', '1998-07-01'),
('7823055W', 9, 'M.', 'Jérome', 'Grize', '160 RUE PASTEUR', 'RESIDENCE LES FONTAINES', '33200', 'BORDEAUX', '1978-09-14', '2001-06-01'),
('7831940D', 8, 'M.', 'Raphael', 'Matusiak', '47 RUE VALENTIN BERNARD', '', '33710', 'BOURG S/GIRONDE', '1978-05-30', '2000-12-01'),
('7832516E', 9, 'M.', 'Bertrand', 'Malaussen', 'APPT N° 29 D 03', '7 RUE PABLO PICASSO', '33700', 'MERIGNAC', '1978-01-12', '1997-11-01'),
('7838676A', 6, 'M.', 'Thomas', 'Desenne', 'N° 4 BARBOT EST', '', '33220', 'ST QUENTIN DE CAPLON', '1978-08-17', '2001-02-01'),
('7852679W', 12, 'M.', 'Cédric', 'Dalard', 'ROUMAGNE', '', '47800', 'MIRAMONT DE GUYENNE', '1978-09-07', '1998-11-01'),
('7862678P', 26, 'Mme', 'Carole', 'Carrias', 'APPT 54  LE TAILLEFER ', 'PLACE ST MARTIAL', '16000', 'ANGOULEME', '1978-05-27', '2000-02-01'),
('7869621L', 7, 'M.', 'Jean François', 'Dufourg', '19 CHEMIN DE LA LOUVETIERE', '', '33610', 'CESTAS', '1978-03-12', '1999-08-01'),
('7869824G', 9, 'Mme', 'Peggy', 'Cohen', '16 AVENUE JEAN MOULIN', '', '33600', 'PESSAC', '1978-04-06', '1999-11-01'),
('7873280N', 9, 'M.', 'Jérome', 'Lauer', '4 ALLEE DES VERDIERS', '', '33600', 'PESSAC', '1978-06-25', '1999-06-01'),
('7874860F', 10, 'Mme', 'Isabelle', 'Gibert', '21 LOTISSEMENT LA PIMPINE', '', '33670', 'CREON', '1978-10-04', '2003-12-01'),
('7879178Z', 7, 'Mme', 'Carine', 'Dorr', '14 RUE DU PONT NEUF', '', '33470', 'LE TEICH', '1978-10-12', '2003-10-01'),
('7887394E', 13, 'M.', 'Christophe', 'Vaissie', '11 BOULEVARD FOURCADE', '', '47200', 'MARMANDE', '1978-08-29', '2004-12-01'),
('7944901M', 6, 'M.', 'Jean Christophe', 'Lascols', 'LA TUILERIE ', 'GARDEGAN', '33350', 'CASTILLON', '1979-01-10', '2000-10-01'),
('7950856K', 9, 'M.', 'Christophe', 'Ginocchio', '8 RUE BRIZARD', '', '33000', 'BORDEAUX', '1979-12-08', '2002-02-01'),
('7954339W', 11, 'Mme', 'Cécile', 'Balan', ' LES EYCARDS ', 'CANTENAC', '33460', 'MARGAUX', '1979-04-04', '1999-12-01'),
('7955296L', 9, 'Mme', 'Sandrine', 'Iriberri', 'RESIDENCE MARLY', '178 RUE STEHELIN', '33200', 'BORDEAUX', '1979-05-12', '2002-04-01'),
('7967964F', 21, 'Mme', 'Dominique', 'Wetterwald', '34 AVENUE DES OISEAUX', '', '40200', 'MIMIZAN', '1979-07-14', '2004-10-01'),
('7968175K', 10, 'M.', 'Christophe', 'Vieira', '53 ROUTE DES GRAVES', '', '33125', 'LOUCHATS', '1979-06-12', '1999-02-01'),
('7968655G', 7, 'Mme', 'Nathalie', 'Avril', '31 AVENUE DES CHENES', '', '33700', 'MERIGNAC', '1979-05-10', '2004-07-01'),
('7975245V', 32, 'M.', 'Charles', 'Guerchon', 'RUE DU CHENE', '', '86450', 'PLEUMARTIN', '1979-04-03', '1999-10-01'),
('7975908Q', 8, 'M.', 'Xavier', 'Sardain', '14 HAMEAU DE LA CLAIRIERE', '', '33440', 'AMBARES', '1979-04-10', '1998-05-01'),
('7976935G', 11, 'M.', 'Laurent', 'Bodson', 'LE BOURG', '', '33180', 'ST ESTEPHE', '1979-11-16', '1999-12-01'),
('7982521D', 11, 'M.', 'Fabien', 'Ignard', 'DOMAINE DE PINCHAGUT', '', '33113', 'BOURIDEYS', '1979-07-06', '2002-06-01'),
('7985123G', 12, 'Mme', 'Caroline', 'Bisotey', '16 RUE JEAN DE JEANNE', '', '33770', 'SALLES', '1979-03-03', '2001-09-01'),
('7992279K', 9, 'Mme', 'Sylvie', 'Weber', '7 RUE GABRIEL DUPUY', '', '33700', 'MERIGNAC', '1979-05-18', '1999-03-01'),
('7994299F', 18, 'M.', 'Jérome', 'Brun', 'ROUTE D''ARTHEZ', 'BALANSUN', '64300', 'ORTHEZ', '1979-09-19', '2001-09-01'),
('8007349Q', 9, 'Mme', 'Cécile', 'Cosme', '20 AVENUE EMILE COUNORD', 'RES DU JARDIN PUBLIC', '33300', 'BORDEAUX', '1980-10-13', '2001-08-01'),
('8012062N', 12, 'Mme', 'Hélène', 'Nart', ' LE PIGEONNIER ', '', '47470', 'CAUZAC', '1980-01-01', '2000-02-01'),
('8016017M', 9, 'Mme', 'Laurence', 'Fazio', '58 RUE MAZARIN', '', '33000', 'BORDEAUX', '1980-04-11', '2000-03-01'),
('8018131K', 9, 'M.', 'Paul', 'Lemoine', '397 ROUTE DU MEDOC', 'RES DU PARC ST ESTEPHE', '33520', 'BRUGES', '1980-05-07', '2000-08-01'),
('8021509G', 9, 'M.', 'Philippe', 'Senescal', '19 RUE MARSAN', '', '33300', 'BORDEAUX', '1980-02-08', '2000-10-01');
INSERT INTO `agent` (`code`, `idAdminLieu`, `civilite`, `prenom`, `nom`, `adresse1`, `adresse2`, `codePostal`, `ville`, `dateNaissance`, `dateEmbauche`) VALUES ('8025666A', 9, 'Mme', 'Gwenaelle', 'Neveu', '4 RUE JEAN BAPTISTE CHARDIN', '', '33160', 'ST MEDARD EN JALLES', '1980-08-19', '2000-01-01'),
('8033759X', 9, 'M.', 'Cyrille', 'Henaux', '57 RUE DU TONDU', '', '33000', 'BORDEAUX', '1980-08-08', '2001-03-01'),
('8033860G', 9, 'Mme', 'Florence', 'Martins', '19 RUE DES PALANQUES', '', '33000', 'BORDEAUX', '1980-01-14', '2001-09-01'),
('8036540V', 9, 'M.', 'Vincent', 'Teisseire', '5 RUE CASTELMORON', '', '33000', 'BORDEAUX', '1980-05-15', '2005-02-01'),
('8045964N', 8, 'M.', 'Thierry', 'Dupas', '79 RUE DE L''HOPITAL', '', '33390', 'BLAYE', '1980-05-14', '2004-09-01'),
('8046527A', 9, 'M.', 'Alexandre', 'Vallaud', 'RESIDENCE LES TOURELLES TOUR 6', '4 RUE RAOUL PONCHON', '33700', 'MERIGNAC', '1980-05-24', '2003-04-01'),
('8050258F', 9, 'Mme', 'Caroline', 'Chaigneau', '10 RUE DE PROVENCE', '', '33700', 'MERIGNAC', '1980-01-20', '2002-06-01'),
('8053034Y', 10, 'Mme', 'Sophie', 'Labreze', 'SEGUINARD ', '', '33190', 'MONGAUZY', '1980-10-04', '2001-02-01'),
('8058123E', 6, 'Mme', 'Christelle', 'Mounie', '3 CHEMIN DE LA FORET', '', '33480', 'AVENSAN', '1980-02-15', '2001-11-01'),
('8058465B', 9, 'Mme', 'Sybille', 'Cabot', '114 RUE DE LA BENAUGE', '', '33100', 'BORDEAUX', '1980-08-02', '2001-12-01'),
('8070181L', 11, 'M.', 'Christophe', 'Lemaire', '17 AVENUE DE VERDUN', '', '33500', 'LIBOURNE', '1980-05-29', '2003-06-01'),
('8073747M', 8, 'M.', 'Edward', 'Juy', '8 AVENUE GINETTE MAROIS', '', '33148', 'TAUSSAT', '1980-02-03', '1998-03-01'),
('8080028P', 9, 'Mme', 'Flore', 'Ramiliarijaona', '38 RUE FRAGONARD', 'RESIDENCE MARLY I', '33200', 'BORDEAUX', '1980-07-26', '2003-06-01'),
('8083142Z', 9, 'Mme', 'Béatrice', 'Mauri', '11 ALLEE DES ACACIAS', 'L''OREE DU BOIS', '33140', 'VILLENAVE D''ORNON', '1980-05-27', '2001-08-01'),
('8086443M', 9, 'Mme', 'Caroline', 'Foutrier', 'RUE DES JONQUILLES N° 11', 'LE VERSANT', '33290', 'BLANQUEFORT', '1980-07-07', '2000-05-01'),
('8086567X', 9, 'M.', 'Thierry', 'Grandeau', '146 RUE DU PALAIS GALLIEN', '', '33000', 'BORDEAUX', '1980-12-13', '2001-12-01'),
('8087591K', 9, 'M.', 'Christophe', 'Djibo', '134 CHEMIN DE TRETINOT', ' LOUENS ', '33290', 'LE PIAN MEDOC', '1980-05-17', '2001-04-01'),
('8088358U', 12, 'M.', 'Stéphane', 'Delcroix', '193 RUE PAUL VALERY', '', '47000', 'AGEN', '1980-03-07', '2000-05-01'),
('8100862K', 9, 'Mme', 'Véronique', 'Dupont', '3 RES. MAHELA n° 233', '2 TER RUE DE BETHMANN', '33000', 'BORDEAUX', '1981-08-17', '2002-08-01'),
('8101457G', 28, 'M.', 'Olivier', 'Giresse', 'DOMAINE DU LAUBARET', '', '16130', 'GENSAC LA PALLUE', '1981-09-26', '2000-03-01'),
('8105301K', 30, 'Mme', 'Véronique', 'Defontaine', '127 GRAND RUE', '', '86000', 'POITIERS', '1981-03-27', '2004-03-01'),
('8109230F', 9, 'M.', 'Carlos', 'Colorado', '5 RUE DE GRECE', '', '33600', 'PESSAC', '1981-10-08', '2000-06-01'),
('8110994Y', 17, 'M.', 'Thomas', 'Ferte', 'ABITAIN', '', '64390', 'SAVETERRE DE BEARN', '1981-02-20', '2000-11-01'),
('8115258H', 22, 'Mme', 'Carole', 'Vergnaud', '2 ALLEE DES PLATANES', '', '17270', 'MONTGUYOU', '1981-06-25', '2001-10-01'),
('8116381D', 9, 'Mme', 'Stéphanie', 'Nicot', '35 RUE KIESER', '', '33000', 'BORDEAUX', '1981-10-14', '2003-10-01'),
('8117984W', 9, 'Mme', 'Muriel', 'Rigal', '1 ALLEE DES FOUGERES', 'LE CLUB DES PINS', '33160', 'ST MEDARD EN JALLES', '1981-06-03', '2003-11-01'),
('8119337R', 28, 'Mme', 'Alexandra', 'Cabos', 'LE PUY DE NANTEUIL', '', '16600', 'MORNAC', '1981-01-28', '1999-07-01'),
('8120143T', 9, 'M.', 'Matthieu', 'Aniots', '19 RUE GEORGES TEXIER', '', '33140', 'VILLENAVE D''ORNON', '1981-09-22', '2002-07-01'),
('8126260R', 13, 'Mme', 'Carole', 'Paul', 'AU CHEY ', '', '47190', 'AIGUILLON', '1981-03-12', '2000-08-01'),
('8132442L', 16, 'M.', 'Matthieu', 'Dessort', '15 AVENUE LARRAMENDY', '', '64500', 'ST JEAN DE LUZ', '1981-08-29', '2004-01-01'),
('8133999D', 6, 'Mme', 'Stéphanie', 'Lopez', '14 CHEMIN DES TANNERIES', '', '33410', 'BEGUERY-CADILLAC', '1981-07-14', '2001-08-01'),
('8139425B', 6, 'Mme', 'Chrystel', 'Migaud', '6 ALLEE DU MOULIN DE SONNEY', '', '33360', 'CARIGNAN', '1981-11-20', '2000-05-01'),
('8140282H', 17, 'Mme', 'Viviane', 'Feghali', 'CHEMIN DE HALAGE', 'VILLA  NYANGA ', '64990', 'LAHONCE', '1981-03-16', '2001-11-01'),
('8142275Z', 26, 'Mme', 'Christelle', 'Heraud', 'RUE DE LA MADELEINE', '', '16240', 'VILLEFAGNAN', '1981-07-03', '2002-07-01'),
('8156278V', 9, 'Mme', 'Anne Genevieve', 'Joubert', '135 RUE DE KATER', '', '33000', 'BORDEAUX', '1981-05-06', '2002-01-01'),
('8160529Q', 9, 'M.', 'Gwenael', 'Lautric', '12 RUE ARAGO', '', '33300', 'BORDEAUX', '1981-10-05', '2001-03-01'),
('8164504L', 9, 'Mme', 'Géraldine', 'Damnanville', '187 RUE DU JARDIN PUBLIC', '', '33000', 'BORDEAUX', '1981-06-29', '2001-12-01'),
('8170022J', 9, 'Mme', 'Nathalie', 'Chabot', '33 AV FRERES ROBINSON', '', '33700', 'MERIGNAC', '1981-09-27', '2004-10-01'),
('8171791G', 24, 'Mme', 'Juliette', 'Floirac', '6 RUE DE VOLTAIRE', 'FIEF DE LAFOND', '17138', 'PUILBOREAU', '1981-11-26', '2001-11-01'),
('8172625N', 7, 'Mme', 'Caroline', 'Malbat', '28 AVENUE JEAN BAPTISTE LULLY', '', '33510', 'ANDERNOS', '1981-08-15', '2004-02-01'),
('8173943W', 30, 'M.', 'Stéphane', 'Carliton', '1-49 RESIDENCE BEAUPUY', '', '86000', 'POITIERS', '1981-12-05', '2000-08-01'),
('8175321U', 9, 'Mme', 'Karine', 'Lanouhe', '33 RUE ST REMI', '', '33000', 'BORDEAUX', '1981-11-17', '2003-03-01'),
('8176007P', 9, 'M.', 'Pierre', 'Doukakis', '323 AV DE LATTRE DE TASSIGNY', 'APPT 54', '33200', 'BORDEAUX', '1981-09-21', '2000-11-01'),
('8189739Q', 6, 'Mme', 'Séverine', 'Chateauneuf', '25 ROUTE DE MEYNAC', '', '33360', 'CAMBLANES', '1981-05-02', '2002-03-01'),
('8192254Z', 29, 'M.', 'Christophe', 'Lebon', '40 RUE JACQUES CARTIER', '', '86280', 'ST BENOIT', '1981-09-25', '2004-05-01'),
('8196193F', 9, 'M.', 'Thierry', 'Gras', '33 RUE BOUFFARD', '', '33000', 'BORDEAUX', '1981-06-12', '2003-07-01'),
('8206560Z', 22, 'Mme', 'Cécile', 'Sananikone', '16 A LOTISSEMENT CHASSERAT', 'ESNANDES', '17137', 'NIEUL SUR MER', '1982-08-09', '2004-05-01'),
('8208554R', 9, 'Mme', 'Virginie', 'Pinto', '1 RUE MONTESQUIEU', ' LA BOETIE ', '33320', 'LE TAILLAN', '1982-04-06', '2003-11-01'),
('8216213R', 9, 'M.', 'Benoit', 'Sarres', '83/97 AV BON AIR', 'BAT B APPT 79', '33700', 'MERIGNAC', '1982-10-22', '2003-08-01'),
('8227000R', 9, 'M.', 'Arnaud', 'Boide', '49 RUE DE MACAU', '', '33290', 'PAREMPUYRE', '1982-07-11', '2003-07-01'),
('8237832Q', 20, 'M.', 'Stéphane', 'Pierrard', 'AU BOURG ', '', '40500', 'MONTGAILLARD', '1982-10-02', '2002-11-01'),
('8238335M', 2, 'Mme', 'Christelle', 'Maingaud', 'LE PETIT BARDOT', 'ST AUBIN DE CADELECH', '24500', 'EYMET', '1982-09-20', '2003-04-01'),
('8241526F', 9, 'Mme', 'Caroline', 'Martin', '29 RUE GABRIEL LEGLISE', '', '33200', 'BORDEAUX', '1982-05-19', '2004-05-01'),
('8254566E', 1, 'Mme', 'Valérie', 'Davion', '8 RUE ALPHONSE DAUDET', '', '24600', 'RIBERAC', '1982-08-11', '2001-03-01'),
('8261920Y', 20, 'M.', 'David', 'Cissokho', '116 RUE DE GARENNE BAT A', 'RESIDENCE DES LACS', '40600', 'BISCAROSSE', '1982-10-01', '2003-04-01'),
('8262247D', 19, 'M.', 'Arnaud', 'Zvach', '3 RUE DES BRUYERES', '', '40460', 'SANGUINET', '1982-11-17', '2003-02-01'),
('8275094T', 9, 'Mme', 'Sophie', 'Fernandez', '61 RUE ULYSSE GAYON', '', '33000', 'BORDEAUX', '1982-09-24', '2003-04-01'),
('8275121X', 8, 'M.', 'Yong', 'Ly', 'ST GENES DE FRONSAC', '', '33240', 'ST GENES DE FRONSAC', '1982-06-01', '2001-03-01'),
('8278884M', 9, 'Mme', 'Bénedicte', 'Sauvarin', '4 RUE COTREL', '', '33000', 'BORDEAUX', '1982-03-16', '2004-03-01'),
('8279316G', 9, 'M.', 'Jean Christophe', 'Montial', '22 ALLEE DU PAS DU RENARD', '', '33610', 'CESTAS', '1982-03-29', '2003-08-01'),
('8282310L', 9, 'M.', 'Ludovic', 'Touchais', '4 RUE ANTOINE WATTEAU', '', '33160', 'ST MEDARD EN JALLES', '1982-06-23', '2003-04-01'),
('8298357D', 30, 'M.', 'Serge', 'Riviere', '3 RUE ROMAINE', '', '86240', 'LIGUGE', '1982-07-22', '2004-03-01'),
('8318150T', 9, 'Mme', 'Fairouz', 'Auger', '44 RUE RODRIGUES PEREIRE', '', '33000', 'BORDEAUX', '1983-02-02', '2003-11-01'),
('8334518J', 9, 'Mme', 'Séverine', 'Gabillat', '5 RUE DE GRECE', '7 C CLUB DES PRINCES', '33600', 'PESSAC', '1983-03-06', '2002-10-01'),
('8350816Z', 7, 'Mme', 'Sylvie', 'Brechaire', 'RES ST MARTIN II', 'BAT 10 APPT 56', '33140', 'VILLENAVE D''ORNON', '1983-12-31', '2002-07-01'),
('8358038Z', 9, 'M.', 'François', 'Trevisanut', '34 RUE GEORGES MAUDEL', '', '33000', 'BORDEAUX', '1983-10-17', '2004-05-01'),
('8379854M', 9, 'M.', 'Emmanuel', 'Kesteloot', '48 AVENUE CARNOT', '', '33200', 'BORDEAUX', '1983-01-03', '2003-02-01'),
('8392727E', 9, 'Mme', 'Jarmila', 'Vallee', '9 PLACE CHARLES GRUET', '', '33000', 'BORDEAUX', '1983-04-19', '2002-11-01'),
('8399203U', 9, 'M.', 'Cédric', 'Le Pape', '61 COURS ARISTIDE BRIAND', '', '33000', 'BORDEAUX', '1983-02-21', '2002-04-01'),
('8402399T', 24, 'Mme', 'Isabelle', 'Giavara', 'RUE DE SAINTONGE', '', '17510', 'NERE', '1984-03-10', '2003-05-01'),
('8420323A', 11, 'Mme', 'Ana Paula', 'Buffin', 'CHATEAU BALAC', '', '33112', 'ST LAURENT DU MEDOC', '1984-08-14', '2004-02-01'),
('8431413E', 12, 'Mme', 'Janig', 'Boureau', 'LE BOSQ ', '', '47490', 'SAINT HILAIRE', '1984-02-12', '2003-04-01'),
('8433036U', 15, 'M.', 'Rodolphe', 'Chalumeau', '115 RUE DE CHASSIN', '', '64600', 'ANGLET', '1984-12-13', '2003-01-01'),
('8452410C', 31, 'Mme', 'Florence', 'Tcharaktchiev', '27 RUE BANGOURA MORIDE', '', '86170', 'NEUVILLE DE POITOU', '1984-03-29', '2005-03-01'),
('8456797W', 21, 'Mme', 'Sophie', 'Pouzere', '93 AVENUE FOCH', '', '40000', 'MONT DE MARSAN', '1984-10-06', '2004-08-01'),
('8457583A', 17, 'Mme', 'Marie Laure', 'Bretou', 'RUE DU FAUBOURG', '', '64190', 'NAVARRENX', '1984-06-20', '2003-11-01'),
('8467597K', 7, 'Mme', 'Caroline', 'Etcheverry', '31 BD DES CRETS', 'DOMAINE DE LA FORET', '33115', 'PYLA SUR MER', '1984-11-21', '2005-03-01'),
('8468091X', 9, 'M.', 'Stéphane', 'Poussard', '27 RUE LAFON FELINE', '', '33110', 'LE BOUSCAT', '1984-07-01', '2004-09-01'),
('8470180T', 9, 'Mme', 'Karine', 'Plumet', 'LE PONANT D453', '2 TERRASSE DU 8 MAI 1945', '33000', 'BORDEAUX', '1984-01-25', '2003-03-01'),
('8477522Y', 9, 'Mme', 'Virginie', 'Hein', '48 AVENUE CARNOT', '', '33200', 'BORDEAUX', '1984-06-24', '2004-05-01'),
('8512520P', 9, 'Mme', 'Cendrine', 'Boissier', '126/128  RUE BELLEVILLE', 'APPT 22 RUE BELLEVILLE', '33000', 'BORDEAUX', '1985-05-08', '2004-10-01'),
('8537312M', 9, 'Mme', 'Katia', 'Di Mascio', '10 RUE ERNEST ROYER', '', '33110', 'LE BOUSCAT', '1985-12-21', '2005-07-01'),
('8544662B', 10, 'M.', 'Nicolas', 'Baheux', 'LANDE BASSE', '', '33340', 'GAILLAN', '1985-01-25', '2003-03-01'),
('8563996R', 9, 'Mme', 'Dominique', 'Chagnaud', 'RES. LES TRIADES - BAT A', '35 RUE DE LALANDE', '33000', 'BORDEAUX', '1985-06-05', '2004-07-01'),
('8574806R', 20, 'M.', 'Omar', 'Clement', '7 C M. BEZIAT VILLA BAGATELLE', 'ROUTE NICOLAS', '40320', 'EUGENIE LES BAINS', '1985-10-29', '2004-11-01'),
('8578906Y', 19, 'M.', 'Pascal', 'Fevrier', 'STATION FINA', 'PUJO LE PLAN', '40190', 'VILLENEUVE DE MARSAN', '1985-01-21', '2004-11-01'),
('8596900G', 9, 'M.', 'Rodolphe', 'Pariente', '29 BIS AVENUE DE MADRAN', '', '33600', 'PESSAC', '1985-01-19', '2005-07-01');


CREATE TABLE `distance` (
  `idLieuFormation` int(10) unsigned NOT NULL,
  `idLieuAdministratif` int(10) unsigned NOT NULL,
  `distanceEntreLieu` int(10) unsigned NOT NULL,
  PRIMARY KEY  (`idLieuFormation`,`idLieuAdministratif`),
  KEY `idLieuAdministratif` (`idLieuAdministratif`)
) ENGINE=InnoDB DEFAULT CHARSET=utf8;;;


INSERT INTO `distance` (`idLieuFormation`, `idLieuAdministratif`, `distanceEntreLieu`) VALUES (3, 1, 48),
(3, 2, 44),
(3, 3, 0),
(3, 4, 56),
(3, 5, 49),
(3, 6, 81),
(3, 7, 177),
(3, 8, 116),
(3, 9, 123),
(3, 10, 121),
(3, 11, 88),
(3, 12, 125),
(3, 13, 103),
(3, 14, 97),
(3, 15, 285),
(3, 16, 8),
(3, 17, 305),
(3, 18, 248),
(3, 19, 235),
(3, 20, 204),
(3, 21, 191),
(3, 22, 144),
(3, 23, 176),
(3, 24, 188),
(3, 25, 215),
(3, 26, 89),
(3, 27, 123),
(3, 28, 121),
(3, 29, 156),
(3, 30, 199),
(3, 31, 212),
(3, 32, 224),
(9, 1, 96),
(9, 2, 156),
(9, 3, 123),
(9, 4, 156),
(9, 5, 163),
(9, 6, 43),
(9, 7, 59),
(9, 8, 25),
(9, 9, 0),
(9, 10, 48),
(9, 11, 29),
(9, 12, 129),
(9, 13, 85),
(9, 14, 129),
(9, 15, 189),
(9, 16, 197),
(9, 17, 212),
(9, 18, 188),
(9, 19, 144),
(9, 20, 92),
(9, 21, 121),
(9, 22, 111),
(9, 23, 113),
(9, 24, 132),
(9, 25, 164),
(9, 26, 123),
(9, 27, 111),
(9, 28, 156),
(9, 29, 235),
(9, 30, 224),
(9, 31, 256),
(9, 32, 267),
(12, 1, 88),
(12, 2, 177),
(12, 3, 125),
(12, 4, 96),
(12, 5, 132),
(12, 6, 103),
(12, 7, 164),
(12, 8, 145),
(12, 9, 129),
(12, 10, 83),
(12, 11, 116),
(12, 12, 0),
(12, 13, 57),
(12, 14, 28),
(12, 15, 204),
(12, 16, 209),
(12, 17, 205),
(12, 18, 152),
(12, 19, 151),
(12, 20, 148),
(12, 21, 108),
(12, 22, 217),
(12, 23, 233),
(12, 24, 252),
(12, 25, 272),
(12, 26, 184),
(12, 27, 236),
(12, 28, 243),
(12, 29, 276),
(12, 30, 279),
(12, 31, 311),
(12, 32, 345),
(18, 1, 203),
(18, 2, 285),
(18, 3, 248),
(18, 4, 249),
(18, 5, 251),
(18, 6, 197),
(18, 7, 167),
(18, 8, 195),
(18, 9, 188),
(18, 10, 137),
(18, 11, 177),
(18, 12, 152),
(18, 13, 148),
(18, 14, 167),
(18, 15, 96),
(18, 16, 97),
(18, 17, 71),
(18, 18, 0),
(18, 19, 56),
(18, 20, 123),
(18, 21, 72),
(18, 22, 288),
(18, 23, 275),
(18, 24, 315),
(18, 25, 343),
(18, 26, 281),
(18, 27, 281),
(18, 28, 325),
(18, 29, 396),
(18, 30, 392),
(18, 31, 433),
(18, 32, 484),
(21, 1, 144),
(21, 2, 224),
(21, 3, 191),
(21, 4, 184),
(21, 5, 204),
(21, 6, 111),
(21, 7, 101),
(21, 8, 123),
(21, 9, 121),
(21, 10, 85),
(21, 11, 123),
(21, 12, 108),
(21, 13, 93),
(21, 14, 125),
(21, 15, 103),
(21, 16, 111),
(21, 17, 109),
(21, 18, 72),
(21, 19, 56),
(21, 20, 63),
(21, 21, 0),
(21, 22, 219),
(21, 23, 204),
(21, 24, 239),
(21, 25, 268),
(21, 26, 225),
(21, 27, 216),
(21, 28, 264),
(21, 29, 331),
(21, 30, 321),
(21, 31, 364),
(21, 32, 379),
(22, 1, 155),
(22, 2, 112),
(22, 3, 144),
(22, 4, 203),
(22, 5, 188),
(22, 6, 121),
(22, 7, 168),
(22, 8, 89),
(22, 9, 111),
(22, 10, 144),
(22, 11, 100),
(22, 12, 217),
(22, 13, 172),
(22, 14, 201),
(22, 15, 295),
(22, 16, 304),
(22, 17, 325),
(22, 18, 288),
(22, 19, 248),
(22, 20, 173),
(22, 21, 219),
(22, 22, 0),
(22, 23, 43),
(22, 24, 43),
(22, 25, 69),
(22, 26, 64),
(22, 27, 39),
(22, 28, 79),
(22, 29, 155),
(22, 30, 128),
(22, 31, 159),
(22, 32, 160),
(26, 1, 119),
(26, 2, 49),
(26, 3, 89),
(26, 4, 129),
(26, 5, 115),
(26, 6, 92),
(26, 7, 171),
(26, 8, 91),
(26, 9, 123),
(26, 10, 152),
(26, 11, 92),
(26, 12, 184),
(26, 13, 144),
(26, 14, 149),
(26, 15, 297),
(26, 16, 307),
(26, 17, 327),
(26, 18, 281),
(26, 19, 251),
(26, 20, 179),
(26, 21, 225),
(26, 22, 64),
(26, 23, 103),
(26, 24, 111),
(26, 25, 137),
(26, 26, 0),
(26, 27, 39),
(26, 28, 45),
(26, 29, 111),
(26, 30, 117),
(26, 31, 148),
(26, 32, 161),
(30, 1, 229),
(30, 2, 167),
(30, 3, 199),
(30, 4, 243),
(30, 5, 229),
(30, 6, 189),
(30, 7, 283),
(30, 8, 205),
(30, 9, 224),
(30, 10, 261),
(30, 11, 201),
(30, 12, 279),
(30, 13, 264),
(30, 14, 267),
(30, 15, 416),
(30, 16, 425),
(30, 17, 440),
(30, 18, 392),
(30, 19, 363),
(30, 20, 284),
(30, 21, 321),
(30, 22, 128),
(30, 23, 181),
(30, 24, 141),
(30, 25, 136),
(30, 26, 117),
(30, 27, 149),
(30, 28, 68),
(30, 29, 51),
(30, 30, 0),
(30, 31, 32),
(30, 32, 55);


CREATE TABLE `inscription` (
  `numeroSession` int(10) unsigned NOT NULL,
  `codeAgent` char(8) NOT NULL,
  `presence` tinyint(4) NOT NULL default '0',
  `fraisHebergement` decimal(6,2) default NULL,
  PRIMARY KEY  (`numeroSession`,`codeAgent`),
  KEY `codeAgent` (`codeAgent`)
) ENGINE=InnoDB DEFAULT CHARSET=utf8;


INSERT INTO `inscription` (`numeroSession`, `codeAgent`, `presence`, `fraisHebergement`) VALUES (1, '6488615T', -1, 0.00),
(1, '6497569A', -1, 0.00),
(1, '6963884P', -1, 0.00),
(1, '7108760N', -1, 98.20),
(2, '6254490J', -1, 405.80),
(2, '6874992T', -1, 391.70),
(3, '6662847A', -1, 0.00),
(3, '6756018Y', -1, 305.00),
(3, '7110865B', 0, 0.00),
(3, '8140282H', -1, 213.44),
(3, '8142275Z', -1, 0.00),
(3, '8171791G', -1, 303.88),
(4, '8139425B', -1, 0.00),
(5, '5660861K', -1, 0.00),
(5, '6293908E', -1, 0.00),
(5, '6439971U', -1, 0.00),
(5, '7702013D', -1, 0.00),
(5, '8379854M', -1, 0.00),
(6, '6560748Y', -1, 234.70),
(6, '6851923T', -1, 201.55),
(6, '7140024W', -1, 0.00),
(6, '7430099V', -1, 0.00),
(6, '7803406N', -1, 197.65),
(6, '7950856K', -1, 0.00),
(6, '7967964F', -1, 358.90),
(7, '7263658F', -1, 0.00),
(7, '7496457Y', -1, 0.00),
(7, '8172625N', -1, 0.00),
(7, '8334518J', -1, 0.00),
(8, '5350113Q', -1, 242.58),
(8, '6761916J', -1, 0.00),
(8, '7968655G', -1, 0.00),
(8, '8208554R', -1, 0.00),
(9, '6071993T', -1, 797.40),
(10, '5783214C', -1, 0.00),
(10, '5983559U', -1, 645.68),
(10, '6005141C', -1, 411.52),
(10, '7191898F', -1, 632.48),
(10, '7339861K', -1, 578.48),
(10, '8101457G', -1, 418.64),
(10, '8173943W', -1, 0.00),
(11, '7197590T', -1, 0.00),
(11, '7502300Z', -1, 0.00),
(12, '5294136W', -1, 148.52),
(12, '7774105P', -1, 0.00),
(12, '8087591K', -1, 0.00),
(12, '8120143T', -1, 0.00),
(12, '8544662B', -1, 0.00),
(12, '8574806R', -1, 92.90),
(13, '5997101N', -1, 576.30),
(13, '7108760N', -1, 441.10),
(13, '7653904L', -1, 0.00),
(14, '5645722E', -1, 0.00),
(14, '6054503G', -1, 0.00),
(14, '7193988C', -1, 437.47),
(14, '7294922N', -1, 466.51),
(14, '7500803X', -1, 0.00),
(15, '5289449B', -1, 0.00),
(15, '5500339E', -1, 0.00),
(15, '5622359K', -1, 0.00),
(15, '6573279U', -1, 0.00),
(15, '6963884P', -1, 0.00),
(15, '7067529X', -1, 0.00),
(15, '7693355T', -1, 0.00),
(15, '8007349Q', -1, 0.00),
(15, '8164504L', -1, 0.00),
(15, '8237832Q', -1, 0.00),
(16, '5339675V', -1, 0.00),
(16, '6243541H', -1, 0.00),
(16, '6338288U', -1, 0.00),
(16, '7440792T', -1, 0.00),
(16, '7496457Y', -1, 0.00),
(16, '7599760J', -1, 0.00),
(16, '8086443M', -1, 0.00),
(16, '8456797W', 0, 0.00),
(17, '5791758P', -1, 166.02),
(17, '6042179L', -1, 124.89),
(17, '6512883W', -1, 0.00),
(17, '6688002T', -1, 156.60),
(17, '7422453J', -1, 244.77),
(17, '7590878E', -1, 156.96),
(17, '8058465B', -1, 119.37),
(17, '8196193F', -1, 192.60),
(18, '5685000Y', -1, 0.00),
(18, '5806661N', -1, 0.00),
(18, '6140875P', -1, 0.00),
(18, '6542320T', -1, 0.00),
(18, '7118839U', -1, 0.00),
(18, '8544662B', -1, 0.00),
(20, '5679527Z', -1, 1043.07),
(20, '8578906Y', -1, 996.24),
(21, '8018131K', -1, 1335.18),
(22, '5207415J', -1, 247.76),
(22, '5661462N', -1, 233.44),
(22, '6561519L', -1, 200.16),
(22, '6586198L', -1, 259.08),
(23, '5363278A', -1, 0.00),
(23, '5369349Z', -1, 0.00),
(23, '5385977Y', -1, 0.00),
(23, '5842699K', -1, 0.00),
(23, '5855699Q', -1, 0.00),
(23, '6086843J', -1, 0.00),
(23, '6358181R', -1, 0.00),
(23, '6702307R', -1, 0.00),
(23, '6889873T', -1, 0.00),
(24, '5561384H', -1, 140.40),
(24, '5847077U', -1, 153.30),
(24, '5966381X', -1, 225.00),
(25, '6993559V', -1, 88.84),
(25, '7478532P', -1, 130.50),
(25, '8045964N', -1, 90.62),
(25, '8261920Y', -1, 100.68),
(26, '5380675K', -1, 0.00),
(26, '5841080A', -1, 0.00),
(26, '6278957D', -1, 0.00),
(26, '6853975Y', -1, 0.00),
(26, '7141033T', -1, 0.00),
(27, '7750860Y', -1, 0.00),
(27, '8470180T', -1, 126.58),
(28, '6183888T', -1, 757.00),
(28, '7532892B', 0, 0.00),
(29, '7356505B', -1, 0.00),
(30, '5685000Y', -1, 286.62),
(30, '6539439L', -1, 302.64),
(30, '7292674V', -1, 320.82),
(30, '8379854M', -1, 323.58),
(30, '8399203U', -1, 309.48),
(31, '6282947Q', -1, 142.74),
(31, '6459452U', 0, 0.00),
(31, '6560748Y', -1, 0.00),
(31, '6682067R', -1, 185.82),
(31, '6851923T', -1, 176.94),
(31, '7183178C', -1, 239.04),
(31, '7754232N', -1, 0.00),
(31, '8033860G', -1, 173.46),
(32, '5755049N', -1, 0.00),
(32, '5994696Z', -1, 0.00),
(32, '6388977Q', -1, 0.00),
(32, '6855368M', -1, 0.00),
(32, '6882038B', -1, 0.00),
(32, '7193988C', -1, 0.00),
(32, '7500803X', -1, 0.00),
(32, '8100862K', -1, 0.00),
(33, '5379323Q', -1, 267.48),
(33, '6154954T', -1, 0.00),
(33, '7284727G', -1, 270.68),
(34, '5490558Y', -1, 567.28),
(34, '5888728R', -1, 475.20),
(34, '6544512A', -1, 462.32),
(34, '7297879C', -1, 587.28),
(34, '8070181L', -1, 350.16),
(35, '6054503G', -1, 0.00),
(35, '6128178N', -1, 0.00),
(35, '6687655Q', -1, 194.96),
(35, '6771168Q', -1, 314.12),
(36, '5646951Q', -1, 627.06),
(36, '7540751U', -1, 918.40),
(37, '5592638E', -1, 0.00),
(37, '5859545W', -1, 0.00),
(37, '6131018A', -1, 0.00),
(37, '6140875P', -1, 0.00),
(37, '6899621N', -1, 624.56),
(37, '7734381L', -1, 394.80),
(37, '7774105P', -1, 0.00),
(37, '8126260R', -1, 386.00),
(38, '5466810K', -1, 167.16),
(38, '6694924R', -1, 237.80),
(38, '6831956P', -1, 318.36),
(38, '8058123E', -1, 179.36),
(39, '5723481A', -1, 371.22),
(39, '6115516A', -1, 276.00),
(39, '6669582W', -1, 353.34),
(39, '8298357D', -1, 386.64),
(39, '8318150T', -1, 264.30),
(40, '5703629X', -1, 0.00),
(40, '6083331R', -1, 0.00),
(40, '6459452U', -1, 0.00),
(40, '6746976V', -1, 0.00),
(40, '7269589C', -1, 0.00),
(40, '7422453J', -1, 0.00),
(40, '7642838H', -1, 0.00),
(41, '5582467Z', -1, 0.00),
(41, '5621511N', -1, 0.00),
(41, '5709857R', -1, 177.80),
(41, '6183516N', -1, 0.00),
(41, '6388893Z', -1, 0.00),
(41, '7803406N', -1, 211.44),
(41, '7862678P', -1, 214.80),
(42, '5418294A', -1, 447.12),
(42, '5542593H', -1, 0.00),
(42, '6682995A', -1, 273.78),
(42, '7339861K', -1, 433.74),
(42, '8086567X', -1, 0.00),
(42, '8173943W', -1, 262.08),
(42, '8574806R', -1, 240.12),
(43, '5518628J', -1, 83.32),
(43, '6021979E', -1, 0.00),
(43, '7447588E', -1, 113.10),
(43, '7644063P', -1, 135.68),
(43, '8083142Z', -1, 131.94),
(44, '5628635G', -1, 0.00),
(44, '5728436L', -1, 0.00),
(44, '6263957Z', -1, 0.00),
(44, '8279316G', -1, 0.00),
(45, '5983559U', -1, 120.54),
(45, '7994299F', -1, 137.25),
(45, '8399203U', -1, 123.03),
(46, '7263658F', -1, 0.00),
(46, '7496457Y', -1, 0.00),
(46, '8172625N', -1, 0.00),
(46, '8334518J', -1, 0.00),
(47, '5207415J', -1, 205.52),
(47, '7975908Q', -1, 296.64),
(47, '8431413E', -1, 223.88),
(48, '5320239U', -1, 370.24),
(48, '6191871V', -1, 0.00),
(48, '6540490D', -1, 0.00),
(48, '7356133X', -1, 388.00),
(48, '7395875V', -1, 0.00),
(48, '7823055W', -1, 0.00),
(48, '7832516E', -1, 0.00),
(49, '5418294A', -1, 488.70),
(49, '6220726J', -1, 0.00),
(49, '7118839U', -1, 482.10),
(49, '7784916Q', -1, 290.70),
(49, '8126260R', -1, 0.00),
(50, '5903176W', -1, 0.00),
(50, '5906259X', -1, 0.00),
(50, '7292674V', -1, 0.00),
(50, '8109230F', -1, 0.00),
(50, '8132442L', -1, 472.72),
(50, '8160529Q', -1, 0.00),
(50, '8379854M', -1, 0.00),
(51, '5369403H', -1, 189.48),
(51, '6083331R', -1, 0.00),
(51, '7950856K', -1, 0.00),
(51, '8116381D', -1, 0.00),
(52, '5437565X', -1, 0.00),
(52, '5645722E', -1, 277.56),
(52, '5916945M', -1, 241.00),
(52, '6388977Q', -1, 258.20),
(52, '7190103E', -1, 237.36),
(52, '7554281A', -1, 254.80),
(52, '8007349Q', -1, 222.12),
(52, '8456797W', -1, 159.52),
(53, '5994696Z', -1, 0.00),
(53, '6660800A', -1, 0.00),
(53, '6771168Q', -1, 0.00),
(53, '7968175K', -1, 0.00),
(54, '6778779N', -1, 119.40),
(54, '7133679Z', 0, 0.00),
(55, '6382597F', -1, 0.00),
(55, '6386889W', -1, 0.00),
(55, '6539439L', -1, 0.00),
(55, '7526716N', -1, 0.00),
(55, '7774105P', -1, 0.00),
(55, '7820082P', -1, 0.00),
(55, '8282310L', -1, 0.00),
(55, '8358038Z', -1, 0.00),
(56, '5628635G', -1, 157.14),
(56, '6518861U', -1, 81.26),
(56, '7281548B', -1, 0.00),
(56, '7586408W', -1, 133.14),
(57, '5294136W', -1, 0.00),
(57, '5859545W', -1, 0.00),
(57, '6894003G', -1, 0.00),
(57, '8021509G', -1, 0.00),
(58, '6238651T', -1, 0.00),
(58, '8216213R', -1, 0.00),
(59, '5723379P', -1, 0.00),
(59, '6171946M', -1, 0.00),
(59, '6240370L', -1, 0.00),
(59, '6460394T', -1, 0.00),
(59, '7201786D', -1, 0.00),
(59, '7374569L', -1, 0.00),
(60, '5350113Q', -1, 212.45),
(60, '5437191Q', -1, 0.00),
(60, '7183178C', -1, 0.00),
(60, '7281770T', -1, 0.00),
(60, '7676645E', -1, 0.00),
(61, '5895986F', -1, 0.00),
(61, '7459234N', -1, 0.00),
(61, '8025666A', -1, 324.08),
(62, '5786167M', -1, 0.00),
(62, '6756018Y', -1, 244.74),
(62, '8238335M', -1, 285.84),
(62, '8318150T', -1, 0.00),
(62, '8431413E', -1, 398.88),
(63, '5376567V', -1, 220.92),
(63, '6016236M', -1, 143.73),
(63, '7385936R', -1, 133.53),
(63, '7992279K', -1, 192.36),
(64, '5289449B', -1, 0.00),
(64, '5644162J', -1, 0.00),
(64, '5997101N', -1, 271.16),
(64, '6086843J', -1, 0.00),
(64, '7108760N', -1, 282.84),
(64, '7327694K', -1, 0.00),
(64, '7440792T', -1, 0.00),
(64, '8206560Z', -1, 181.16),
(65, '5726468X', -1, 304.76),
(65, '6702307R', -1, 298.32),
(66, '6873246V', -1, 488.88),
(66, '7452659R', -1, 0.00),
(67, '6306978L', -1, 111.90),
(67, '7500803X', -1, 150.74),
(68, '5418294A', -1, 334.20),
(68, '6894003G', -1, 356.10),
(68, '8021509G', -1, 305.90),
(68, '8101457G', -1, 396.65),
(69, '5872251G', -1, 283.92),
(69, '5937418Q', -1, 266.92),
(69, '7110865B', -1, 283.76),
(70, '5669158D', -1, 157.20),
(70, '5765889W', -1, 181.68),
(70, '5791758P', -1, 266.76),
(70, '6282947Q', -1, 208.40),
(70, '6829118E', -1, 285.84),
(70, '7721073W', -1, 284.04),
(71, '5510841V', -1, 153.33),
(71, '6293908E', -1, 181.53),
(71, '7774105P', -1, 170.85),
(71, '8173943W', -1, 0.00),
(72, '6432491N', -1, 154.76),
(72, '6951701X', -1, 0.00),
(72, '7139149V', -1, 142.84),
(73, '6045529C', 0, 0.00),
(73, '6338288U', -1, 0.00),
(73, '7138408P', -1, 0.00),
(73, '8206560Z', -1, 0.00),
(74, '5437565X', -1, 0.00),
(74, '6128178N', -1, 0.00),
(74, '6238651T', -1, 0.00),
(74, '6488615T', -1, 0.00),
(74, '6687655Q', -1, 0.00),
(74, '7197590T', -1, 0.00),
(74, '7327694K', -1, 0.00),
(74, '7554281A', -1, 0.00),
(74, '7653904L', -1, 0.00),
(75, '7485403H', -1, 824.78),
(75, '7657837L', -1, 646.03),
(76, '5612407T', -1, 463.54),
(76, '8073747M', -1, 851.62),
(77, '5584995X', -1, 418.38),
(77, '5806661N', -1, 291.30),
(77, '6005141C', -1, 257.40),
(77, '6386889W', -1, 447.54),
(77, '8126260R', -1, 399.60),
(77, '8358038Z', -1, 418.26),
(78, '6469038N', -1, 0.00),
(78, '7439683M', -1, 429.12),
(78, '7523282F', -1, 395.04),
(78, '7766972L', -1, 346.50),
(78, '8433036U', -1, 236.22),
(79, '5316900P', -1, 142.42),
(79, '6245903A', -1, 96.74),
(79, '8101457G', -1, 156.60),
(80, '5289449B', -1, 0.00),
(80, '5369349Z', -1, 0.00),
(80, '5855699Q', -1, 0.00),
(80, '6086843J', -1, 0.00),
(80, '6702307R', -1, 0.00),
(80, '6889873T', -1, 0.00),
(80, '7067529X', -1, 0.00),
(80, '8164504L', -1, 0.00),
(81, '5518628J', -1, 0.00),
(81, '5908399Y', -1, 0.00),
(81, '5969300V', -1, 0.00),
(81, '6220281A', -1, 0.00),
(81, '7644063P', -1, 0.00),
(81, '7879178Z', -1, 0.00),
(81, '8083142Z', -1, 0.00),
(81, '8468091X', -1, 0.00),
(82, '5582467Z', -1, 250.08),
(82, '5720118V', -1, 223.56),
(82, '6952227U', -1, 293.76),
(82, '8192254Z', -1, 293.12),
(83, '5344123E', -1, 445.44),
(83, '6988388Z', -1, 595.84),
(83, '8318150T', 0, 0.00),
(83, '8512520P', -1, 551.12),
(84, '6245903A', -1, 80.38),
(84, '6386889W', -1, 102.10),
(84, '6712898D', -1, 146.30),
(84, '7160300K', -1, 96.56),
(84, '8279316G', -1, 86.44),
(85, '5422967E', -1, 0.00),
(85, '6187959T', -1, 0.00),
(86, '8018131K', -1, 0.00),
(87, '6228835Y', -1, 0.00),
(87, '6388893Z', -1, 0.00),
(87, '6406165Y', -1, 0.00),
(88, '7193988C', -1, 217.30),
(88, '7440792T', -1, 398.50),
(89, '5385977Y', -1, 159.72),
(89, '5500339E', -1, 280.20),
(89, '5755049N', -1, 284.52),
(89, '6882038B', -1, 263.00),
(89, '7138408P', -1, 245.48),
(89, '7413719Q', -1, 317.24),
(89, '8086443M', -1, 288.88),
(89, '8241526F', -1, 229.16),
(90, '5364047L', -1, 1335.39),
(90, '8176007P', -1, 1567.86),
(91, '6174331E', -1, 273.05),
(91, '7696789A', -1, 396.25),
(92, '5906259X', -1, 0.00),
(92, '7471808F', -1, 0.00),
(92, '7784916Q', -1, 151.48),
(92, '8110994Y', -1, 83.08),
(93, '7351040L', -1, 708.40),
(93, '7869621L', -1, 670.40),
(94, '5701341K', -1, 0.00),
(94, '5723481A', -1, 0.00),
(94, '6565428K', -1, 0.00),
(95, '6147571T', -1, 0.00),
(95, '6346754W', -1, 0.00),
(95, '6439971U', -1, 0.00),
(95, '6993559V', -1, 0.00),
(95, '8050258F', -1, 0.00),
(95, '8087591K', -1, 0.00),
(95, '8126260R', -1, 0.00),
(96, '6627296H', -1, 0.00),
(96, '7238168Z', -1, 0.00),
(97, '6829118E', -1, 0.00),
(97, '7140024W', -1, 0.00),
(97, '7967964F', -1, 291.40),
(97, '7968655G', -1, 0.00),
(97, '8116381D', -1, 0.00),
(98, '6054503G', -1, 0.00),
(98, '6358181R', -1, 0.00),
(98, '6497569A', -1, 0.00),
(98, '6660800A', -1, 0.00),
(98, '6687655Q', -1, 0.00),
(98, '6748778D', -1, 0.00),
(98, '7502300Z', -1, 0.00),
(98, '8254566E', -1, 0.00),
(99, '5437191Q', -1, 0.00),
(99, '6254849Z', -1, 0.00),
(99, '6688002T', -1, 0.00),
(99, '7590878E', -1, 318.44),
(99, '7767226M', -1, 0.00),
(99, '7838676A', -1, 0.00),
(99, '7869824G', -1, 0.00),
(100, '5927155K', -1, 159.70),
(100, '6855368M', -1, 94.80),
(100, '8139425B', -1, 96.26),
(100, '8237832Q', -1, 104.86),
(101, '5339675V', -1, 0.00),
(101, '6858363T', -1, 0.00),
(101, '6916001T', -1, 0.00),
(101, '7599760J', -1, 0.00),
(101, '7954339W', -1, 0.00),
(102, '5294136W', -1, 0.00),
(102, '5388753Q', -1, 0.00),
(102, '6431481Q', -1, 0.00),
(102, '7126217N', -1, 0.00),
(102, '7466416V', -1, 0.00),
(102, '8086567X', 0, 0.00),
(102, '8132442L', -1, 0.00),
(103, '5847077U', -1, 168.30),
(103, '5966381X', -1, 172.50),
(104, '5542593H', -1, 0.00),
(104, '7526716N', -1, 0.00),
(104, '7820082P', -1, 402.96),
(104, '8160529Q', -1, 0.00),
(105, '5891178E', -1, 0.00),
(105, '6988115C', -1, 180.00),
(105, '7376050W', -1, 0.00),
(105, '8080028P', -1, 0.00),
(105, '8477522Y', -1, 0.00),
(105, '8563996R', -1, 0.00),
(106, '6191871V', -1, 199.92),
(106, '7551507K', -1, 136.41),
(106, '7832516E', -1, 160.53),
(107, '5290570V', -1, 0.00),
(107, '6045529C', -1, 0.00),
(107, '6306978L', -1, 0.00),
(107, '6308398E', -1, 0.00),
(107, '7190103E', -1, 0.00),
(107, '7413719Q', -1, 0.00),
(107, '7954339W', -1, 0.00),
(107, '8172625N', -1, 0.00),
(108, '8046527A', -1, 0.00),
(109, '5685000Y', -1, 0.00),
(109, '5906259X', -1, 413.88),
(109, '6131018A', -1, 438.12),
(109, '6278957D', -1, 0.00),
(109, '6518861U', -1, 313.08),
(109, '6712898D', -1, 443.10),
(110, '6147571T', -1, 217.85),
(110, '6899621N', -1, 222.10),
(110, '7339861K', -1, 0.00),
(111, '6506338G', -1, 0.00),
(111, '7426359E', -1, 603.68),
(112, '6228835Y', -1, 0.00),
(112, '6694924R', -1, 0.00),
(112, '6744846E', -1, 0.00),
(112, '7070771W', -1, 205.20),
(112, '7767226M', -1, 0.00),
(112, '7862678P', -1, 389.30),
(112, '7869824G', -1, 0.00),
(113, '7852679W', -1, 848.54),
(113, '7975245V', -1, 809.62),
(114, '5669158D', -1, 200.56),
(114, '6124247Q', -1, 229.08),
(114, '6682067R', -1, 162.20),
(114, '7426830R', -1, 224.28),
(114, '7642838H', -1, 198.96),
(115, '5388753Q', -1, 0.00),
(115, '6005141C', -1, 0.00),
(115, '6346754W', -1, 0.00),
(115, '6382597F', -1, 0.00),
(116, '6388977Q', -1, 244.83),
(116, '7197590T', -1, 233.88),
(117, '5542593H', -1, 0.00),
(117, '5592638E', -1, 0.00),
(117, '5906259X', -1, 0.00),
(117, '6431481Q', -1, 0.00),
(117, '6542320T', -1, 0.00),
(117, '6682995A', -1, 0.00),
(118, '5646951Q', -1, 688.05),
(118, '7540751U', -1, 749.21),
(119, '5582467Z', -1, 0.00),
(119, '5720118V', -1, 0.00),
(119, '6530689A', -1, 0.00),
(119, '6877795P', -1, 0.00),
(119, '7426830R', -1, 0.00),
(119, '7430099V', -1, 0.00),
(119, '7535106H', -1, 0.00),
(119, '7621538F', -1, 0.00),
(119, '8033759X', -1, 0.00),
(120, '5501250V', -1, 283.44),
(120, '6975713X', -1, 367.98),
(120, '7114912A', -1, 368.10),
(120, '8070181L', -1, 274.62),
(120, '8140282H', -1, 394.08),
(121, '5752985V', -1, 888.36),
(122, '5369403H', -1, 300.25),
(122, '5720118V', -1, 205.15),
(122, '6042179L', -1, 399.40),
(122, '7105454V', -1, 245.90),
(122, '7405439Q', -1, 288.35),
(122, '8117984W', -1, 363.05),
(122, '8275094T', -1, 220.75),
(123, '5526502T', -1, 0.00),
(123, '6526131W', -1, 0.00),
(123, '7516105E', -1, 0.00),
(124, '6254490J', -1, 722.70),
(124, '6874992T', -1, 512.50),
(125, '7126217N', -1, 380.95),
(125, '7478532P', -1, 0.00),
(125, '7702013D', -1, 284.35),
(125, '8399203U', -1, 345.75),
(126, '5316900P', -1, 478.16),
(126, '5783214C', -1, 318.00),
(126, '6382597F', -1, 394.80),
(126, '6386889W', -1, 513.92),
(126, '6469038N', -1, 401.68),
(126, '6894003G', -1, 563.44),
(126, '6993559V', -1, 385.04),
(126, '7994299F', -1, 613.28),
(127, '5290570V', -1, 203.12),
(127, '6243541H', -1, 296.08),
(127, '6308398E', -1, 0.00),
(127, '6748778D', -1, 215.88),
(127, '6916001T', -1, 186.28),
(127, '6963884P', -1, 250.52),
(127, '7139149V', -1, 242.12),
(128, '6005141C', -1, 203.95),
(128, '6439971U', -1, 229.05),
(128, '7734381L', -1, 222.20),
(129, '5753641H', -1, 0.00),
(129, '7311462R', -1, 0.00),
(129, '7430099V', -1, 203.85),
(129, '7754232N', -1, 0.00),
(129, '8196193F', -1, 326.65),
(130, '5639922A', -1, 0.00),
(130, '7191898F', -1, 0.00),
(130, '8126260R', -1, 151.44),
(130, '8282310L', -1, 0.00),
(131, '5927155K', -1, 0.00),
(131, '6771168Q', -1, 0.00),
(131, '7113296U', -1, 0.00),
(131, '7263658F', -1, 0.00),
(131, '7294922N', -1, 0.00),
(131, '7968175K', -1, 0.00),
(131, '8139425B', -1, 0.00),
(132, '5622359K', -1, 0.00),
(132, '6855368M', -1, 0.00),
(132, '7139149V', -1, 0.00),
(133, '5510841V', -1, 410.64),
(133, '5584995X', -1, 0.00),
(133, '7281548B', -1, 0.00),
(133, '7523282F', -1, 250.44),
(133, '8101457G', -1, 440.10),
(133, '8282310L', -1, 0.00),
(134, '5339675V', -1, 540.21),
(134, '5363278A', -1, 0.00),
(134, '5369349Z', -1, 0.00),
(134, '6917334R', -1, 0.00),
(134, '6951701X', -1, 0.00),
(134, '8254566E', -1, 531.52),
(135, '6340694J', -1, 317.22),
(135, '7576632V', -1, 458.28),
(135, '8171791G', -1, 453.78),
(135, '8189739Q', -1, 428.82),
(135, '8238335M', -1, 0.00),
(136, '5500339E', -1, 0.00),
(136, '5755049N', -1, 0.00),
(136, '6858363T', -1, 0.00),
(137, '6518861U', -1, 0.00),
(137, '8275121X', -1, 0.00),
(138, '5538883A', -1, 0.00),
(138, '5765889W', -1, 0.00),
(138, '6136002T', -1, 212.94),
(138, '6297469A', -1, 0.00),
(138, '6682067R', -1, 0.00),
(138, '6829118E', -1, 0.00),
(138, '7635237W', -1, 0.00),
(138, '7767226M', -1, 0.00),
(138, '8053034Y', 0, 0.00),
(138, '8117984W', -1, 0.00),
(139, '5521117P', -1, 311.80),
(139, '6266525Q', -1, 171.76),
(139, '7066334Y', -1, 270.68),
(139, '7114912A', -1, 186.52),
(140, '6136002T', -1, 376.80),
(140, '6297469A', -1, 0.00),
(140, '6952227U', -1, 0.00),
(140, '7887394E', -1, 370.64),
(141, '5720574Q', -1, 0.00),
(141, '5771041W', -1, 0.00),
(141, '5891178E', -1, 0.00),
(141, '6674312M', -1, 636.88),
(142, '6573279U', -1, 0.00),
(142, '6627296H', -1, 0.00),
(142, '8334518J', -1, 0.00),
(143, '5752985V', -1, 724.40),
(144, '5709857R', -1, 222.55),
(144, '5765889W', -1, 0.00),
(144, '6406165Y', -1, 0.00),
(144, '8275094T', -1, 0.00),
(145, '5646809L', -1, 263.96),
(145, '7714468R', 0, 0.00),
(146, '6016236M', -1, 289.15),
(146, '6874492Z', -1, 217.80),
(147, '5268414M', -1, 191.68),
(147, '5872251G', -1, 169.52),
(147, '6095349E', -1, 191.80),
(147, '6866890L', -1, 234.28),
(147, '6974703Z', -1, 241.76),
(147, '7700469A', -1, 0.00),
(148, '5258943T', -1, 235.29),
(148, '5806661N', -1, 234.63),
(148, '6542320T', -1, 222.45),
(148, '7141033T', -1, 171.87),
(148, '7994299F', -1, 203.52),
(149, '7113296U', -1, 0.00),
(149, '7238168Z', -1, 0.00),
(149, '8100862K', -1, 0.00),
(149, '8206560Z', -1, 0.00),
(150, '6202630P', -1, 156.36),
(150, '7067529X', -1, 275.12),
(151, '5490558Y', -1, 174.00),
(151, '7376050W', -1, 173.28),
(151, '7576632V', -1, 300.52),
(151, '8175321U', -1, 318.36),
(152, '5726468X', -1, 0.00),
(152, '5842699K', -1, 0.00),
(152, '5916945M', -1, 0.00),
(152, '5997101N', -1, 0.00),
(152, '6202630P', -1, 0.00),
(152, '6917334R', -1, 0.00),
(152, '7693355T', -1, 0.00),
(152, '7873280N', -1, 0.00),
(152, '7954339W', -1, 0.00),
(152, '8216213R', -1, 0.00),
(153, '6147571T', 0, 0.00),
(153, '7466416V', -1, 369.45),
(153, '8120143T', -1, 234.10),
(154, '5644162J', -1, 0.00),
(154, '7113296U', -1, 0.00),
(154, '7873280N', -1, 0.00),
(154, '7968175K', 0, 0.00),
(155, '5517282W', -1, 292.36),
(155, '5610338U', -1, 0.00),
(155, '6254849Z', -1, 0.00),
(155, '7405439Q', -1, 284.44),
(155, '7676645E', -1, 0.00),
(155, '8053034Y', -1, 0.00),
(156, '7238168Z', -1, 0.00),
(156, '7599760J', -1, 0.00),
(157, '6051031H', 0, 0.00),
(157, '6406165Y', -1, 172.16),
(157, '6530689A', -1, 174.16),
(157, '6761916J', -1, 281.16),
(157, '6877795P', -1, 0.00),
(157, '7311462R', -1, 0.00),
(157, '8117984W', -1, 0.00),
(158, '5841080A', -1, 418.62),
(158, '6220726J', -1, 475.92),
(158, '6382597F', -1, 342.84),
(158, '6542320T', -1, 374.10),
(158, '7766972L', -1, 429.18),
(159, '5345011V', -1, 248.10),
(159, '5592100V', -1, 448.68),
(160, '7982521D', 0, NULL),
(161, '5510841V', 0, NULL),
(161, '5542593H', 0, NULL),
(161, '7744618N', 0, NULL),
(161, '7820082P', 0, NULL),
(161, '8261920Y', 0, NULL),
(162, '6916001T', 0, NULL),
(162, '8241526F', 0, NULL),
(163, '8119337R', 0, NULL),
(163, '8350816Z', 0, NULL),
(164, '6388893Z', 0, NULL),
(164, '7070771W', 0, NULL),
(164, '7887394E', 0, NULL),
(164, '8192254Z', 0, NULL),
(165, '6505921D', 0, NULL),
(165, '7475472N', 0, NULL),
(166, '5783214C', 0, NULL),
(166, '6853975Y', 0, NULL),
(166, '7292674V', 0, NULL),
(166, '8379854M', 0, NULL),
(167, '5316900P', 0, NULL),
(167, '5418294A', 0, NULL),
(167, '7471808F', 0, NULL),
(167, '7744618N', 0, NULL),
(167, '8279316G', 0, NULL),
(167, '8399203U', 0, NULL),
(167, '8544662B', 0, NULL),
(168, '5458854M', 0, NULL),
(168, '8012062N', 0, NULL),
(168, '8156278V', 0, NULL),
(168, '8402399T', 0, NULL);


CREATE TABLE `lieu` (
  `id` int(10) unsigned NOT NULL,
  `libelle` varchar(32) NOT NULL,
  `codePostal` char(5)  NOT NULL,
  `telephone` char(10)  default NULL,
  `typeLieu` char(1)  NOT NULL,
  PRIMARY KEY  (`id`)
) ENGINE=InnoDB DEFAULT CHARSET=utf8;

INSERT INTO `lieu` (`id`, `libelle`, `codePostal`, `telephone`, `typeLieu`) VALUES (1, 'Bergerac', '24300', '0553222525', 'A'),
(2, 'Nontron', '24300', '0553605014', 'A'),
(3, 'Périgueux', '24000', '0553027979', 'F'),
(4, 'Sarlat-la-Canéda', '24200', '0553590021', 'A'),
(5, 'Terrasson', '24500', '0553678124', 'A'),
(6, 'Castillon', '33350', '0561380074', 'A'),
(7, 'Arcachon', '33120', '0524156710', 'A'),
(8, 'St André de Cubzac', '33240', '0557435611', 'A'),
(9, 'Bordeaux', '33000', '0556325000', 'F'),
(10, 'Langon', '33210', '0538149570', 'A'),
(11, 'Libourne', '33500', '0557550165', 'A'),
(12, 'Agen', '47000', '0553778146', 'F'),
(13, 'Marmande', '47200', '0558991400', 'A'),
(14, 'Villeneuve-sur-Lot', '47300', '0558462655', 'A'),
(15, 'Bayonne', '64100', '0559429107', 'A'),
(16, 'Biarritz', '64200', '0559438383', 'A'),
(17, 'St Jean Pied de Port', '64450', '0559003468', 'A'),
(18, 'Pau', '64000', '0559333300', 'F'),
(19, 'Dax', '40100', '0538642594', 'A'),
(20, 'Labouheyre', '40300', '0538162595', 'A'),
(21, 'Mont de Marsan', '40000', '0538361806', 'F'),
(22, 'Saintes', '17100', '0561038460', 'F'),
(23, 'Royan', '17200', '0561032618', 'A'),
(24, 'Rochefort', '17100', '0561319254', 'A'),
(25, 'La Rochelle', '17000', '0561003195', 'A'),
(26, 'Angoulème', '16000', '0563881904', 'F'),
(27, 'Cognac', '16100', '0563830674', 'A'),
(28, 'Ruffec', '16350', '0563062219', 'A'),
(29, 'Montmorillon', '86350', '0586310688', 'A'),
(30, 'Poitiers', '86000', '0586303684', 'F'),
(31, 'Châtellerault', '86100', '0586216983', 'A'),
(32, 'Loudun', '86200', '0586334821', 'A');

CREATE TABLE `parametre` (
  `id` int(10) unsigned NOT NULL auto_increment,
  `forfaitJournalier` decimal(6,2) NOT NULL,
  `distanceMin` int(11) NOT NULL,
  PRIMARY KEY  (`id`)
) ENGINE=InnoDB DEFAULT CHARSET=utf8; 
ALTER TABLE `parametre` AUTO_INCREMENT=2;

INSERT INTO `parametre` (`id`, `forfaitJournalier`, `distanceMin`) VALUES (1, 54.00, 60);

CREATE TABLE `session` (
  `numero` int(10) unsigned NOT NULL auto_increment,
  `codeAction` char(5) NOT NULL,
  `idLieu` int(10) unsigned NOT NULL,
  `nombreMaxParticipant` int(10) unsigned NOT NULL,
  `dateSession` date NOT NULL,
  `coutPrevu` decimal(7,2) NOT NULL,
  `coutReel` decimal(7,2) default NULL,
  `forfaitJournalier` decimal(6,2) NOT NULL,
  `distanceMin` int(11) NOT NULL,
  PRIMARY KEY  (`numero`),
  KEY `idLieu` (`idLieu`),
  KEY `codeAction` (`codeAction`)
) ENGINE=InnoDB DEFAULT CHARSET=utf8;
ALTER TABLE `session` AUTO_INCREMENT=169;

INSERT INTO `session` (`numero`, `codeAction`, `idLieu`, `nombreMaxParticipant`, `dateSession`, `coutPrevu`, `coutReel`, `forfaitJournalier`, `distanceMin`) VALUES (1, 'G0366', 9, 4, '2008-01-03', 68.00, 98.20, 54.00, 60),
(2, 'T0431', 3, 2, '2008-01-03', 762.00, 797.50, 54.00, 60),
(3, 'G0417', 9, 6, '2008-01-03', 644.00, 645.44, 54.00, 60),
(4, 'V0377', 9, 1, '2008-01-05', 108.00, 0.00, 54.00, 60),
(5, 'E0356', 26, 7, '2008-01-06', 317.00, 0.00, 54.00, 60),
(6, 'E0443', 9, 8, '2008-01-10', 591.00, 831.20, 54.00, 60),
(7, 'I0456', 9, 5, '2008-01-10', 400.00, 0.00, 54.00, 60),
(8, 'E0533', 9, 4, '2008-01-10', 235.00, 242.58, 54.00, 60),
(9, 'T0450', 22, 1, '2008-01-17', 413.00, 432.00, 54.00, 60),
(10, 'E0459', 30, 8, '2008-01-17', 2392.00, 1620.00, 54.00, 60),
(11, 'M0566', 30, 2, '2008-01-19', 75.00, 0.00, 54.00, 60),
(12, 'E0454', 9, 6, '2008-01-19', 202.00, 200.90, 54.00, 60),
(13, 'G0363', 9, 3, '2008-01-24', 777.00, 864.00, 54.00, 60),
(14, 'G0580', 9, 6, '2008-01-24', 619.00, 864.00, 54.00, 60),
(15, 'I0357', 9, 10, '2008-01-25', 197.00, 0.00, 54.00, 60),
(16, 'I0381', 18, 10, '2008-01-25', 238.00, 0.00, 54.00, 60),
(17, 'E0425', 18, 8, '2008-01-25', 1264.00, 1043.82, 54.00, 60),
(18, 'E0581', 26, 6, '2008-01-27', 330.00, 0.00, 54.00, 60),
(19, 'T0448', 30, 2, '2008-01-31', 1005.00, 0.00, 54.00, 60),
(20, 'T0476', 22, 2, '2008-01-31', 2304.00, 1728.00, 54.00, 60),
(21, 'T0479', 3, 1, '2008-01-31', 1129.00, 864.00, 54.00, 60),
(22, 'T0330', 12, 4, '2008-01-31', 871.00, 848.16, 54.00, 60),
(23, 'I0357', 30, 10, '2008-02-03', 306.00, 0.00, 54.00, 60),
(24, 'M0428', 30, 3, '2008-02-08', 320.00, 455.70, 54.00, 60),
(25, 'E0513', 21, 4, '2008-02-08', 446.00, 388.14, 54.00, 60),
(26, 'E0581', 9, 6, '2008-02-09', 360.00, 0.00, 54.00, 60),
(27, 'M0546', 30, 2, '2008-02-09', 78.00, 108.00, 54.00, 60),
(28, 'T0432', 9, 2, '2008-02-14', 637.00, 432.00, 54.00, 60),
(29, 'T0433', 9, 2, '2008-02-14', 334.00, 0.00, 54.00, 60),
(30, 'E0479', 3, 7, '2008-02-14', 1126.00, 1350.00, 54.00, 60),
(31, 'E0425', 3, 8, '2008-02-15', 693.00, 790.74, 54.00, 60),
(32, 'I0381', 3, 10, '2008-02-17', 344.00, 0.00, 54.00, 60),
(33, 'T0331', 30, 3, '2008-02-21', 476.00, 432.00, 54.00, 60),
(34, 'G0476', 12, 5, '2008-02-21', 2436.00, 1620.00, 54.00, 60),
(35, 'I0553', 9, 4, '2008-02-21', 321.00, 410.96, 54.00, 60),
(36, 'T0447', 30, 2, '2008-02-28', 1610.00, 1188.00, 54.00, 60),
(37, 'E0459', 9, 8, '2008-02-28', 1339.00, 972.00, 54.00, 60),
(38, 'E0477', 18, 4, '2008-02-28', 490.00, 778.52, 54.00, 60),
(39, 'V0484', 18, 5, '2008-02-28', 1006.00, 1344.30, 54.00, 60),
(40, 'E0443', 9, 8, '2008-03-07', 637.00, 0.00, 54.00, 60),
(41, 'E0347', 9, 8, '2008-03-07', 713.00, 604.04, 54.00, 60),
(42, 'E0479', 9, 7, '2008-03-07', 1360.00, 1312.20, 54.00, 60),
(43, 'E0312', 18, 6, '2008-03-08', 358.00, 407.32, 54.00, 60),
(44, 'E0449', 9, 4, '2008-03-14', 406.00, 0.00, 54.00, 60),
(45, 'E0335', 30, 4, '2008-03-15', 269.00, 380.82, 54.00, 60),
(46, 'I0562', 9, 4, '2008-03-17', 210.00, 0.00, 54.00, 60),
(47, 'T0331', 18, 3, '2008-03-21', 681.00, 637.52, 54.00, 60),
(48, 'E0322', 9, 8, '2008-03-21', 519.00, 648.00, 54.00, 60),
(49, 'E0337', 30, 6, '2008-03-21', 720.00, 810.00, 54.00, 60),
(50, 'E0459', 9, 8, '2008-03-21', 426.00, 324.00, 54.00, 60),
(51, 'E0477', 9, 4, '2008-03-21', 169.00, 189.48, 54.00, 60),
(52, 'G0437', 22, 8, '2008-03-21', 1728.00, 1455.52, 54.00, 60),
(53, 'I0456', 9, 5, '2008-03-22', 420.00, 0.00, 54.00, 60),
(54, 'M0546', 18, 2, '2008-03-22', 76.00, 108.00, 54.00, 60),
(55, 'E0581', 12, 8, '2008-03-23', 368.00, 0.00, 54.00, 60),
(56, 'E0454', 12, 6, '2008-03-29', 323.00, 297.26, 54.00, 60),
(57, 'E0356', 21, 7, '2008-03-31', 336.00, 0.00, 54.00, 60),
(58, 'M0566', 21, 2, '2008-03-31', 84.00, 0.00, 54.00, 60),
(59, 'E0311', 30, 6, '2008-03-31', 410.00, 0.00, 54.00, 60),
(60, 'E0444', 9, 5, '2008-04-04', 251.00, 212.45, 54.00, 60),
(61, 'T0331', 12, 3, '2008-04-04', 253.00, 216.00, 54.00, 60),
(62, 'V0484', 9, 5, '2008-04-04', 607.00, 784.74, 54.00, 60),
(63, 'M0427', 30, 4, '2008-04-04', 560.00, 601.26, 54.00, 60),
(64, 'G0437', 9, 8, '2008-04-04', 465.00, 613.16, 54.00, 60),
(65, 'G0548', 3, 2, '2008-04-04', 432.00, 432.00, 54.00, 60),
(66, 'V0449', 9, 2, '2008-04-04', 259.00, 270.00, 54.00, 60),
(67, 'V0377', 22, 2, '2008-04-05', 221.00, 216.00, 54.00, 60),
(68, 'E0336', 12, 4, '2008-04-11', 1040.00, 864.00, 54.00, 60),
(69, 'T0330', 30, 4, '2008-04-11', 406.00, 648.00, 54.00, 60),
(70, 'E0347', 3, 8, '2008-04-11', 1375.00, 1195.28, 54.00, 60),
(71, 'E0335', 30, 4, '2008-04-12', 510.00, 477.33, 54.00, 60),
(72, 'G0367', 9, 3, '2008-04-13', 216.00, 216.00, 54.00, 60),
(73, 'I0456', 9, 5, '2008-04-13', 380.00, 0.00, 54.00, 60),
(74, 'I0357', 3, 10, '2008-04-14', 216.00, 0.00, 54.00, 60),
(75, 'T0448', 12, 2, '2008-04-18', 1433.00, 864.00, 54.00, 60),
(76, 'T0449', 18, 1, '2008-04-18', 952.00, 864.00, 54.00, 60),
(77, 'E0452', 3, 6, '2008-04-18', 1848.00, 1607.40, 54.00, 60),
(78, 'E0453', 26, 5, '2008-04-18', 774.00, 1046.22, 54.00, 60),
(79, 'E0385', 22, 3, '2008-04-19', 199.00, 312.74, 54.00, 60),
(80, 'I0381', 30, 10, '2008-04-20', 255.00, 0.00, 54.00, 60),
(81, 'E0322', 9, 8, '2008-04-25', 1465.00, 0.00, 54.00, 60),
(82, 'E0477', 3, 4, '2008-04-25', 875.00, 864.00, 54.00, 60),
(83, 'G0476', 22, 5, '2008-04-25', 1038.00, 972.00, 54.00, 60),
(84, 'E0454', 3, 5, '2008-04-27', 398.00, 473.48, 54.00, 60),
(85, 'E0532', 3, 2, '2008-04-28', 104.00, 0.00, 54.00, 60),
(86, 'T0480', 9, 1, '2008-05-02', 167.00, 0.00, 54.00, 60),
(87, 'E0374', 9, 4, '2008-05-02', 380.00, 378.00, 54.00, 60),
(88, 'G0376', 30, 2, '2008-05-02', 548.00, 432.00, 54.00, 60),
(89, 'G0437', 18, 8, '2008-05-02', 1326.00, 1671.72, 54.00, 60),
(90, 'T0477', 3, 2, '2008-05-09', 2082.00, 1728.00, 54.00, 60),
(91, 'M0522', 18, 2, '2008-05-09', 412.00, 432.00, 54.00, 60),
(92, 'E0454', 21, 5, '2008-05-11', 168.00, 191.08, 54.00, 60),
(93, 'T0431', 18, 2, '2008-05-16', 1081.00, 864.00, 54.00, 60),
(94, 'T0331', 9, 3, '2008-05-16', 196.00, 0.00, 54.00, 60),
(95, 'E0356', 9, 7, '2008-05-16', 320.00, 0.00, 54.00, 60),
(96, 'I0562', 9, 4, '2008-05-17', 210.00, 0.00, 54.00, 60),
(97, 'E0444', 9, 5, '2008-05-23', 202.00, 216.00, 54.00, 60),
(98, 'I0381', 30, 10, '2008-05-30', 156.00, 0.00, 54.00, 60),
(99, 'E0347', 9, 8, '2008-05-30', 251.00, 216.00, 54.00, 60),
(100, 'G0366', 3, 4, '2008-06-01', 296.00, 403.92, 54.00, 60),
(101, 'I0456', 3, 5, '2008-06-02', 385.00, 0.00, 54.00, 60),
(102, 'E0581', 30, 8, '2008-06-02', 291.00, 0.00, 54.00, 60),
(103, 'M0429', 22, 2, '2008-06-06', 229.00, 324.00, 54.00, 60),
(104, 'E0449', 9, 4, '2008-06-06', 398.00, 270.00, 54.00, 60),
(105, 'G0417', 9, 6, '2008-06-06', 150.00, 180.00, 54.00, 60),
(106, 'E0313', 26, 4, '2008-06-07', 558.00, 458.94, 54.00, 60),
(107, 'I0357', 3, 10, '2008-06-08', 261.00, 0.00, 54.00, 60),
(108, 'T0478', 9, 1, '2008-06-13', 224.00, 0.00, 54.00, 60),
(109, 'E0452', 18, 6, '2008-06-13', 839.00, 1080.00, 54.00, 60),
(110, 'E0573', 18, 3, '2008-06-13', 515.00, 432.00, 54.00, 60),
(111, 'T0447', 9, 2, '2008-06-20', 433.00, 594.00, 54.00, 60),
(112, 'E0443', 9, 8, '2008-06-20', 479.00, 421.20, 54.00, 60),
(113, 'T0433', 9, 2, '2008-06-20', 1533.00, 1188.00, 54.00, 60),
(114, 'E0477', 12, 6, '2008-06-20', 731.00, 993.72, 54.00, 60),
(115, 'E0479', 9, 7, '2008-06-20', 1358.00, 0.00, 54.00, 60),
(116, 'M0567', 30, 2, '2008-06-21', 285.00, 324.00, 54.00, 60),
(117, 'E0356', 9, 7, '2008-06-22', 267.00, 0.00, 54.00, 60),
(118, 'T0448', 18, 2, '2008-06-27', 992.00, 864.00, 54.00, 60),
(119, 'E0425', 9, 10, '2008-06-27', 336.00, 0.00, 54.00, 60),
(120, 'V0484', 21, 5, '2008-06-27', 1473.00, 1350.00, 54.00, 60),
(121, 'T0449', 9, 1, '2008-07-04', 683.00, 432.00, 54.00, 60),
(122, 'E0443', 26, 8, '2008-07-04', 2153.00, 1501.15, 54.00, 60),
(123, 'V0422', 9, 3, '2008-07-05', 380.00, 0.00, 54.00, 60),
(124, 'T0432', 30, 2, '2008-07-11', 1200.00, 864.00, 54.00, 60),
(125, 'E0323', 3, 4, '2008-07-11', 806.00, 648.00, 54.00, 60),
(126, 'E0459', 21, 10, '2008-07-11', 3460.00, 2586.00, 54.00, 60),
(127, 'G0437', 3, 8, '2008-07-11', 1203.00, 1253.28, 54.00, 60),
(128, 'E0336', 26, 3, '2008-07-18', 419.00, 635.95, 54.00, 60),
(129, 'E0444', 30, 5, '2008-07-18', 544.00, 419.85, 54.00, 60),
(130, 'E0454', 9, 5, '2008-07-19', 77.00, 108.00, 54.00, 60),
(131, 'I0357', 9, 10, '2008-07-19', 208.00, 0.00, 54.00, 60),
(132, 'I0562', 3, 4, '2008-08-22', 234.00, 0.00, 54.00, 60),
(133, 'E0479', 9, 7, '2008-08-29', 579.00, 790.44, 54.00, 60),
(134, 'G0580', 9, 6, '2008-08-29', 892.00, 864.00, 54.00, 60),
(135, 'V0484', 3, 5, '2008-08-29', 995.00, 1080.00, 54.00, 60),
(136, 'I0553', 9, 4, '2008-09-05', 199.00, 0.00, 54.00, 60),
(137, 'E0386', 9, 2, '2008-09-06', 78.00, 0.00, 54.00, 60),
(138, 'E0425', 9, 10, '2008-09-06', 110.00, 162.00, 54.00, 60),
(139, 'T0330', 3, 4, '2008-09-12', 808.00, 790.28, 54.00, 60),
(140, 'E0374', 9, 5, '2008-09-12', 872.00, 1125.44, 54.00, 60),
(141, 'G0476', 9, 5, '2008-09-12', 333.00, 324.00, 54.00, 60),
(142, 'G0367', 9, 3, '2008-09-14', 220.00, 0.00, 54.00, 60),
(143, 'T0450', 3, 1, '2008-09-19', 431.00, 432.00, 54.00, 60),
(144, 'E0444', 9, 5, '2008-09-19', 166.00, 216.00, 54.00, 60),
(145, 'E0473', 9, 2, '2008-09-19', 143.00, 216.00, 54.00, 60),
(146, 'M0522', 18, 2, '2008-09-19', 343.00, 432.00, 54.00, 60),
(147, 'G0417', 12, 6, '2008-09-26', 868.00, 985.00, 54.00, 60),
(148, 'E0335', 21, 5, '2008-10-03', 760.00, 810.00, 54.00, 60),
(149, 'I0562', 21, 4, '2008-10-03', 241.00, 0.00, 54.00, 60),
(150, 'G0548', 30, 2, '2008-10-03', 403.00, 372.36, 54.00, 60),
(151, 'T0330', 3, 4, '2008-10-10', 810.00, 779.28, 54.00, 60),
(152, 'I0381', 12, 10, '2008-10-13', 301.00, 0.00, 54.00, 60),
(153, 'E0336', 30, 3, '2008-10-17', 459.00, 432.00, 54.00, 60),
(154, 'I0553', 9, 4, '2008-10-17', 207.00, 0.00, 54.00, 60),
(155, 'E0477', 9, 6, '2008-10-24', 523.00, 432.00, 54.00, 60),
(156, 'G0579', 22, 2, '2008-10-26', 112.00, 0.00, 54.00, 60),
(157, 'E0347', 12, 8, '2008-11-14', 382.00, 562.32, 54.00, 60),
(158, 'E0453', 3, 5, '2008-11-14', 1482.00, 1350.00, 54.00, 60),
(159, 'V0449', 26, 2, '2008-11-14', 505.00, 518.10, 54.00, 60),
(160, 'T0447', 12, 2, '2008-11-21', 460.00, NULL, 54.00, 60),
(161, 'E0452', 9, 6, '2008-11-21', 1064.00, NULL, 54.00, 60),
(162, 'M0567', 9, 2, '2008-11-28', 220.00, NULL, 54.00, 60),
(163, 'M0475', 30, 3, '2008-11-28', 306.00, NULL, 54.00, 60),
(164, 'E0533', 26, 4, '2008-12-05', 468.00, NULL, 54.00, 60),
(165, 'M0546', 9, 2, '2008-12-05', 80.00, NULL, 54.00, 60),
(166, 'E0513', 9, 4, '2008-12-06', 368.00, NULL, 54.00, 60),
(167, 'E0581', 12, 8, '2008-12-07', 408.00, NULL, 54.00, 60),
(168, 'M0427', 30, 4, '2008-12-13', 361.00, NULL, 54.00, 60);
ALTER TABLE `action`
  ADD CONSTRAINT `action_ibfk_1` FOREIGN KEY (`numeroActivite`) REFERENCES `activite` (`numero`);
ALTER TABLE `agent`
  ADD CONSTRAINT `agent_ibfk_1` FOREIGN KEY (`idAdminLieu`) REFERENCES `lieu` (`id`);
ALTER TABLE `distance`
  ADD CONSTRAINT `distance_ibfk_1` FOREIGN KEY (`idLieuFormation`) REFERENCES `lieu` (`id`),
  ADD CONSTRAINT `distance_ibfk_2` FOREIGN KEY (`idLieuAdministratif`) REFERENCES `lieu` (`id`);

  ALTER TABLE `inscription`
  ADD CONSTRAINT `inscription_ibfk_1` FOREIGN KEY (`codeAgent`) REFERENCES `agent` (`code`),
  ADD CONSTRAINT `inscription_ibfk_2` FOREIGN KEY (`numeroSession`) REFERENCES `session` (`numero`);

ALTER TABLE `session`
  ADD CONSTRAINT `session_ibfk_1` FOREIGN KEY (`idLieu`) REFERENCES `lieu` (`id`),
  ADD CONSTRAINT `session_ibfk_2` FOREIGN KEY (`codeAction`) REFERENCES `action` (`code`);
